,Life Ladder,Log GDP per capita,Social support,Healthy life expectancy at birth,Freedom to make life choices,Generosity,Perceptions of corruption
0,3.724,7.37,0.451,50.8,0.718,0.168,0.882
1,4.402,7.54,0.552,51.2,0.679,0.19,0.85
2,4.758,7.647,0.539,51.6,0.6,0.121,0.707
3,3.832,7.62,0.521,51.92,0.496,0.162,0.731
4,3.783,7.705,0.521,52.24,0.531,0.236,0.776
5,3.572,7.725,0.484,52.56,0.578,0.061,0.823
6,3.131,7.718,0.526,52.88,0.509,0.104,0.871
7,3.983,7.702,0.529,53.2,0.389,0.08,0.881
8,4.22,7.697,0.559,53.0,0.523,0.042,0.793
9,2.662,7.697,0.491,52.8,0.427,-0.121,0.954
10,2.694,7.692,0.508,52.6,0.374,-0.094,0.928
11,2.375,7.697,0.42,52.4,0.394,-0.108,0.924
12,4.634,9.142,0.821,65.8,0.529,-0.009,0.875
13,5.485,9.262,0.833,66.2,0.525,-0.158,0.864
14,5.269,9.303,0.733,66.4,0.569,-0.172,0.726
15,5.867,9.331,0.759,66.68,0.487,-0.205,0.877
16,5.51,9.347,0.785,66.96,0.602,-0.169,0.848
17,4.551,9.359,0.759,67.24,0.632,-0.127,0.863
18,4.814,9.378,0.626,67.52,0.735,-0.025,0.883
19,4.607,9.403,0.639,67.8,0.704,-0.081,0.885
20,4.511,9.437,0.638,68.1,0.73,-0.017,0.901
21,4.64,9.476,0.638,68.4,0.75,-0.029,0.876
22,5.004,9.518,0.684,68.7,0.824,0.009,0.899
23,4.995,9.544,0.686,69.0,0.777,-0.099,0.914
24,5.365,9.497,0.71,69.3,0.754,0.007,0.891
26,5.317,9.297,0.81,64.66,0.53,-0.181,0.638
27,5.605,9.311,0.839,64.82,0.587,-0.172,0.69
30,5.249,9.354,0.807,65.7,0.437,-0.167,0.7
31,5.043,9.348,0.799,65.9,0.583,-0.146,0.759
32,4.745,9.337,0.803,66.1,0.385,0.005,0.741
33,5.589,8.946,0.723,52.5,0.584,0.055,0.911
34,4.36,8.992,0.753,53.2,0.456,-0.136,0.906
35,3.937,9.005,0.722,53.9,0.41,-0.104,0.816
36,3.795,9.017,0.755,54.6,0.375,-0.168,0.834
37,6.313,9.942,0.938,66.82,0.733,-0.157,0.852
38,6.073,10.018,0.862,66.94,0.653,-0.141,0.881
39,5.961,10.048,0.892,67.06,0.678,-0.132,0.865
40,6.424,9.977,0.919,67.18,0.637,-0.13,0.885
41,6.441,10.066,0.927,67.3,0.73,-0.126,0.855
42,6.776,10.112,0.889,67.48,0.816,-0.174,0.755
43,6.468,10.091,0.902,67.66,0.747,-0.148,0.817
44,6.582,10.103,0.91,67.84,0.737,-0.13,0.823
45,6.671,10.067,0.918,68.02,0.745,-0.164,0.854
46,6.697,10.083,0.926,68.2,0.881,-0.174,0.851
47,6.427,10.051,0.883,68.4,0.848,-0.192,0.851
48,6.039,10.067,0.907,68.6,0.832,-0.186,0.841
49,5.793,10.032,0.9,68.8,0.846,-0.211,0.855
50,6.086,10.0,0.896,69.0,0.817,-0.211,0.83
51,5.901,9.85,0.897,69.2,0.823,-0.122,0.816
52,4.289,9.044,0.682,64.8,0.52,-0.231,0.85
53,4.882,9.181,0.76,64.9,0.605,-0.251,0.817
54,4.652,9.256,0.709,65.0,0.462,-0.215,0.876
55,4.178,9.111,0.68,65.1,0.441,-0.214,0.882
56,4.368,9.136,0.66,65.2,0.459,-0.176,0.891
57,4.26,9.182,0.705,65.36,0.465,-0.225,0.875
58,4.32,9.249,0.676,65.52,0.502,-0.215,0.893
59,4.277,9.277,0.723,65.68,0.504,-0.195,0.9
60,4.453,9.307,0.739,65.84,0.506,-0.218,0.92
61,4.348,9.334,0.723,66.0,0.551,-0.203,0.901
62,4.325,9.333,0.709,66.3,0.611,-0.17,0.921
63,4.288,9.402,0.698,66.6,0.614,-0.147,0.865
64,5.062,9.451,0.814,66.9,0.808,-0.163,0.677
65,5.488,9.522,0.782,67.2,0.844,-0.172,0.583
67,7.285,10.703,0.965,71.72,0.891,0.347,0.513
68,7.254,10.719,0.947,71.88,0.916,0.305,0.431
69,7.45,10.722,0.955,72.2,0.932,0.317,0.366
70,7.406,10.733,0.967,72.3,0.945,0.369,0.382
71,7.196,10.754,0.945,72.4,0.935,0.274,0.368
72,7.364,10.762,0.928,72.5,0.933,0.269,0.432
73,7.289,10.772,0.924,72.6,0.923,0.319,0.442
74,7.309,10.779,0.952,72.7,0.922,0.332,0.357
75,7.25,10.791,0.942,73.0,0.922,0.239,0.399
76,7.257,10.798,0.95,73.3,0.911,0.317,0.411
77,7.177,10.811,0.94,73.6,0.916,0.146,0.405
78,7.234,10.815,0.943,73.9,0.918,0.121,0.43
79,7.137,10.76,0.937,74.2,0.905,0.21,0.491
80,7.122,10.842,0.936,70.76,0.941,0.302,0.49
81,7.181,10.887,0.935,71.08,0.879,0.291,0.614
82,7.303,10.861,0.914,71.4,0.896,0.131,0.546
83,7.471,10.887,0.944,71.54,0.939,0.132,0.703
84,7.401,10.889,0.945,71.68,0.92,0.118,0.771
85,7.499,10.883,0.95,71.82,0.922,0.168,0.679
86,6.95,10.882,0.899,71.96,0.885,0.118,0.567
87,7.076,10.881,0.928,72.1,0.9,0.099,0.557
88,7.048,10.891,0.926,72.4,0.889,0.08,0.524
89,7.294,10.908,0.906,72.7,0.89,0.133,0.518
90,7.396,10.928,0.912,73.0,0.904,0.053,0.523
91,7.195,10.939,0.964,73.3,0.903,0.06,0.457
92,7.213,10.851,0.925,73.6,0.912,0.011,0.464
93,4.728,9.17,0.854,61.88,0.772,-0.235,0.774
94,4.568,9.386,0.753,62.26,0.522,-0.207,0.871
95,4.817,9.465,0.684,62.64,0.601,-0.029,0.715
96,4.574,9.534,0.736,63.02,0.498,-0.087,0.754
97,4.219,9.569,0.687,63.4,0.501,-0.123,0.858
98,4.68,9.54,0.725,63.64,0.537,-0.105,0.795
99,4.911,9.549,0.762,63.88,0.599,-0.14,0.763
100,5.481,9.592,0.77,64.12,0.672,-0.168,0.699
101,5.252,9.607,0.799,64.36,0.733,-0.208,0.654
102,5.147,9.606,0.786,64.6,0.764,-0.198,0.616
103,5.304,9.564,0.777,64.9,0.713,-0.204,0.607
104,5.152,9.555,0.787,65.2,0.731,-0.225,0.653
105,5.168,9.562,0.781,65.5,0.772,-0.232,0.561
106,5.173,9.575,0.887,65.8,0.854,-0.214,0.457
107,5.701,10.709,0.904,65.94,0.896,0.037,0.506
108,5.937,10.706,0.877,66.3,0.862,-0.001,0.715
109,4.824,10.696,0.908,66.58,0.87,-0.051,0.583
118,4.319,7.783,0.672,59.02,0.612,0.068,0.786
119,4.607,7.839,0.514,59.44,0.605,0.04,0.806
120,5.052,7.886,0.467,59.86,0.606,-0.044,0.802
121,5.083,7.924,0.528,60.28,0.631,-0.075,0.776
122,4.858,7.967,0.549,60.7,0.659,-0.016,0.774
123,4.986,8.018,0.606,61.12,0.838,-0.069,0.757
124,4.724,8.07,0.582,61.54,0.668,-0.034,0.765
125,4.66,8.116,0.53,61.96,0.742,-0.016,0.743
127,4.633,8.216,0.601,62.8,0.815,-0.068,0.721
128,4.556,8.274,0.649,63.3,0.875,-0.089,0.688
129,4.31,8.334,0.713,63.8,0.896,0.012,0.635
130,4.499,8.399,0.706,64.3,0.901,-0.043,0.701
131,5.114,8.467,0.673,64.8,0.902,-0.051,0.656
132,5.28,8.472,0.739,65.3,0.777,-0.009,0.742
133,5.658,9.489,0.918,61.1,0.707,-0.246,0.708
134,5.617,9.576,0.858,61.4,0.667,-0.225,0.695
136,5.564,9.681,0.908,62.0,0.679,-0.203,0.676
137,5.526,9.758,0.918,62.3,0.7,-0.163,0.706
138,5.225,9.812,0.91,62.88,0.656,-0.168,0.672
139,5.749,9.83,0.902,63.46,0.645,-0.217,0.657
140,5.876,9.839,0.923,64.04,0.723,-0.177,0.653
141,5.812,9.856,0.88,64.62,0.647,-0.048,0.682
142,5.719,9.815,0.924,65.2,0.623,-0.091,0.669
143,5.178,9.788,0.927,65.5,0.658,-0.125,0.664
144,5.553,9.814,0.9,65.8,0.621,-0.122,0.654
145,5.234,9.846,0.905,66.1,0.644,-0.174,0.718
146,5.821,9.86,0.917,66.4,0.657,-0.186,0.546
148,7.219,10.792,0.922,70.26,0.901,0.069,0.721
149,7.117,10.789,0.923,70.44,0.887,0.007,0.652
150,6.854,10.779,0.931,70.8,0.807,0.022,0.697
151,7.111,10.783,0.937,70.92,0.88,-0.014,0.711
152,6.935,10.784,0.927,71.04,0.855,-0.05,0.758
153,7.104,10.784,0.909,71.16,0.891,0.017,0.574
154,6.855,10.795,0.944,71.28,0.861,0.001,0.512
155,6.904,10.81,0.885,71.4,0.869,0.062,0.469
156,6.949,10.819,0.929,71.6,0.866,-0.056,0.497
157,6.928,10.834,0.922,71.8,0.857,0.054,0.543
158,6.892,10.844,0.93,72.0,0.808,-0.125,0.63
159,6.772,10.853,0.884,72.2,0.776,-0.172,0.672
160,6.839,10.771,0.904,72.4,0.767,-0.164,0.634
161,6.451,8.892,0.872,61.6,0.705,0.033,0.769
162,5.956,8.883,0.757,62.22,0.874,0.022,0.782
163,3.33,7.866,0.445,50.1,0.58,-0.011,0.79
164,3.667,7.915,0.382,50.9,0.709,-0.004,0.825
165,3.87,7.904,0.477,51.98,0.773,-0.142,0.849
166,3.193,7.923,0.523,52.26,0.769,-0.111,0.806
167,3.479,7.964,0.577,52.54,0.783,-0.085,0.856
168,3.347,7.998,0.506,52.82,0.776,-0.096,0.855
169,3.625,7.988,0.434,53.1,0.733,-0.027,0.85
170,4.007,7.993,0.493,53.5,0.78,-0.065,0.838
171,4.853,8.021,0.436,53.9,0.727,-0.065,0.767
172,5.82,8.059,0.504,54.3,0.713,0.002,0.747
173,4.976,8.098,0.442,54.7,0.77,-0.016,0.698
174,4.408,8.102,0.507,55.1,0.783,-0.083,0.532
175,5.569,9.123,0.819,59.6,0.81,0.353,0.802
176,4.939,9.167,0.88,59.9,0.834,0.268,0.65
177,5.082,9.219,0.848,60.2,0.83,0.277,0.634
178,5.374,8.686,0.834,59.0,0.77,-0.044,0.794
179,5.628,8.714,0.796,59.5,0.78,0.001,0.817
180,5.298,8.756,0.785,60.0,0.726,-0.092,0.801
181,6.086,8.773,0.831,60.5,0.779,-0.036,0.763
182,5.781,8.797,0.807,61.0,0.703,-0.068,0.781
183,5.779,8.831,0.817,61.34,0.782,-0.039,0.825
184,6.019,8.865,0.781,61.68,0.862,-0.015,0.84
185,5.767,8.915,0.803,62.02,0.846,-0.067,0.812
186,5.865,8.953,0.821,62.36,0.881,0.018,0.832
187,5.834,8.985,0.829,62.7,0.884,-0.03,0.862
188,5.77,9.012,0.796,63.0,0.882,-0.047,0.853
189,5.651,9.039,0.779,63.3,0.884,-0.12,0.819
190,5.916,9.066,0.827,63.6,0.863,-0.093,0.786
191,5.674,9.074,0.784,63.9,0.881,-0.086,0.857
192,5.559,8.998,0.805,64.2,0.877,-0.054,0.868
193,4.9,9.267,0.766,66.04,0.342,0.006,0.926
194,4.963,9.296,0.735,66.48,0.258,-0.026,0.959
195,4.669,9.312,0.773,66.7,0.365,-0.128,0.933
196,4.995,9.333,0.725,66.74,0.333,-0.035,0.925
197,4.773,9.342,0.779,66.78,0.42,-0.013,0.953
198,5.124,9.382,0.767,66.82,0.39,0.042,0.97
199,5.249,9.411,0.788,66.86,0.412,0.232,0.976
200,5.117,9.457,0.656,66.9,0.631,-0.055,0.96
201,5.181,9.5,0.808,67.2,0.633,0.134,0.957
202,5.09,9.532,0.775,67.5,0.564,0.092,0.923
203,5.887,9.576,0.836,67.8,0.659,0.123,0.913
204,6.016,9.609,0.873,68.1,0.722,0.079,0.963
205,5.516,9.583,0.899,68.4,0.74,0.138,0.916
206,4.739,9.492,0.883,46.82,0.824,-0.195,0.723
207,5.451,9.59,0.832,49.86,0.858,-0.164,0.806
208,3.553,9.556,0.866,52.9,0.826,-0.143,0.814
209,3.52,9.6,0.86,53.68,0.813,-0.25,0.816
210,4.836,9.632,0.837,54.46,0.799,-0.203,0.814
211,4.128,9.728,0.856,55.24,0.767,-0.154,0.749
212,4.031,9.756,0.859,56.02,0.791,-0.105,0.743
213,3.762,9.724,0.816,56.8,0.857,-0.116,0.86
214,3.499,9.748,0.768,57.5,0.852,-0.253,0.729
215,3.505,9.756,0.768,58.2,0.817,-0.248,0.731
216,3.461,9.778,0.795,58.9,0.818,-0.254,0.807
217,3.471,9.785,0.774,59.6,0.833,-0.239,0.792
219,6.321,9.515,0.886,63.78,0.777,-0.016,0.728
220,6.691,9.555,0.878,64.02,0.782,-0.078,0.688
221,7.001,9.544,0.913,64.26,0.767,-0.055,0.723
222,6.837,9.607,0.906,64.5,0.806,-0.054,0.656
223,7.038,9.637,0.916,64.76,0.834,-0.072,0.662
225,7.14,9.668,0.91,65.28,0.785,-0.095,0.707
226,6.981,9.664,0.898,65.54,0.714,-0.115,0.71
227,6.547,9.62,0.907,65.8,0.799,-0.016,0.771
228,6.375,9.578,0.912,66.0,0.807,-0.1,0.781
229,6.333,9.583,0.905,66.2,0.765,-0.175,0.794
230,6.191,9.589,0.882,66.4,0.751,-0.117,0.763
231,6.451,9.592,0.899,66.6,0.83,-0.062,0.762
232,6.11,9.522,0.831,66.8,0.786,-0.053,0.729
233,3.844,9.715,0.832,65.1,0.566,-0.138,0.976
234,3.912,9.765,0.843,65.7,0.545,-0.144,0.941
235,3.875,9.795,0.86,65.8,0.664,-0.228,0.948
236,4.222,9.804,0.838,65.9,0.641,-0.172,0.938
237,3.993,9.813,0.829,66.0,0.603,-0.191,0.962
238,4.438,9.838,0.886,66.1,0.576,-0.055,0.955
239,4.865,9.883,0.908,66.2,0.637,-0.2,0.941
240,4.838,9.928,0.926,66.4,0.7,-0.17,0.936
241,5.097,9.969,0.942,66.6,0.689,-0.154,0.911
242,5.099,10.007,0.924,66.8,0.724,-0.176,0.952
243,5.108,10.047,0.948,67.0,0.822,-0.109,0.943
244,5.598,9.991,0.916,67.2,0.818,-0.004,0.901
245,3.801,7.367,0.796,46.66,0.588,0.028,0.798
246,4.017,7.377,0.771,47.42,0.582,-0.06,0.833
247,3.846,7.403,0.727,48.18,0.612,-0.101,0.887
248,4.036,7.453,0.773,49.7,0.587,-0.036,0.767
249,4.785,7.487,0.71,50.24,0.725,-0.105,0.707
250,3.955,7.52,0.744,50.78,0.622,-0.07,0.726
251,3.326,7.546,0.745,51.32,0.741,-0.016,0.765
252,3.481,7.559,0.742,51.86,0.71,-0.004,0.801
253,4.419,7.568,0.705,52.4,0.659,0.004,0.693
254,4.206,7.596,0.764,52.9,0.645,-0.001,0.721
255,4.647,7.627,0.785,53.4,0.614,-0.063,0.727
256,4.927,7.665,0.665,53.9,0.721,-0.013,0.757
257,4.741,7.691,0.683,54.4,0.678,-0.004,0.729
258,3.563,6.719,0.291,49.02,0.26,-0.019,0.86
259,3.792,6.723,0.326,49.66,0.427,-0.019,0.718
260,3.706,6.748,0.422,50.68,0.49,-0.062,0.677
261,2.905,6.787,0.565,51.82,0.431,-0.059,0.808
262,3.775,6.635,0.485,53.4,0.646,-0.024,0.599
265,4.462,7.879,0.619,56.9,0.914,0.045,0.888
266,4.111,7.865,0.818,57.7,0.937,0.152,0.965
267,4.141,7.907,0.697,58.5,0.94,0.35,0.896
268,4.161,7.96,0.716,58.88,0.927,0.418,0.775
269,3.899,8.014,0.606,59.26,0.956,0.247,0.89
270,3.674,8.068,0.651,59.64,0.941,0.164,0.812
271,3.883,8.121,0.693,60.02,0.938,0.239,0.843
272,4.162,8.173,0.729,60.4,0.956,0.21,0.825
273,4.461,8.225,0.746,60.8,0.958,0.076,0.84
274,4.586,8.276,0.765,61.2,0.964,0.088,0.821
276,4.998,8.387,0.759,62.0,0.957,0.013,0.828
277,4.377,8.362,0.724,62.4,0.963,0.052,0.863
278,3.851,8.007,0.69,45.98,0.653,-0.009,0.907
279,4.35,8.028,0.717,46.56,0.644,-0.031,0.91
280,4.292,8.034,0.697,47.14,0.58,-0.069,0.945
281,4.741,8.029,0.729,47.72,0.698,-0.017,0.925
282,4.554,8.035,0.759,48.3,0.792,0.002,0.875
283,4.434,8.048,0.738,48.7,0.817,-0.029,0.87
284,4.245,8.065,0.743,49.1,0.766,-0.032,0.898
285,4.271,8.09,0.76,49.5,0.794,-0.03,0.867
286,4.24,8.12,0.778,49.9,0.795,-0.071,0.856
287,5.038,8.149,0.646,50.3,0.791,0.049,0.868
288,4.816,8.167,0.659,51.1,0.713,-0.003,0.879
289,5.074,8.176,0.695,51.9,0.767,-0.028,0.844
290,5.251,8.19,0.677,52.7,0.816,0.036,0.884
291,4.937,8.203,0.711,53.5,0.712,-0.008,0.817
292,5.241,8.175,0.72,54.3,0.675,0.049,0.837
293,7.418,10.652,0.962,71.3,0.957,0.256,0.503
295,7.486,10.738,0.939,71.84,0.926,0.262,0.37
296,7.488,10.697,0.943,72.02,0.915,0.246,0.413
297,7.65,10.717,0.954,72.2,0.934,0.23,0.413
298,7.426,10.738,0.922,72.36,0.951,0.253,0.433
299,7.415,10.744,0.948,72.52,0.918,0.29,0.466
300,7.594,10.757,0.936,72.68,0.916,0.316,0.406
301,7.304,10.775,0.918,72.84,0.939,0.27,0.442
302,7.413,10.774,0.939,73.0,0.931,0.253,0.427
303,7.245,10.773,0.924,73.2,0.912,0.211,0.385
304,7.415,10.792,0.934,73.4,0.945,0.163,0.362
305,7.175,10.798,0.923,73.6,0.946,0.106,0.372
306,7.109,10.8,0.925,73.8,0.912,0.112,0.436
307,7.025,10.73,0.931,74.0,0.887,0.05,0.434
308,4.16,6.987,0.532,40.9,0.663,0.081,0.782
309,3.568,7.091,0.483,42.7,0.69,-0.036,0.845
310,3.678,7.125,0.387,43.08,0.78,-0.016,0.834
311,2.693,6.785,0.29,44.9,0.624,0.033,0.859
312,3.476,6.817,0.32,45.2,0.645,0.073,0.89
313,3.435,7.36,0.724,43.18,0.306,0.028,0.961
314,4.141,7.359,0.479,43.66,0.295,-0.011,0.874
315,4.632,7.356,0.571,44.14,0.527,0.063,0.944
316,3.639,7.364,0.646,44.62,0.401,0.021,0.931
317,3.743,7.457,0.734,45.1,0.505,0.025,0.858
318,4.393,7.425,0.819,45.42,0.54,0.031,0.876
319,4.033,7.476,0.673,45.74,0.563,-0.034,0.884
320,3.508,7.498,0.714,46.06,0.488,-0.045,0.882
321,3.46,7.532,0.733,46.38,0.567,-0.07,0.881
322,4.323,7.527,0.751,46.7,0.474,-0.029,0.889
323,4.029,7.431,0.616,47.2,0.525,0.052,0.82
324,4.559,7.37,0.661,47.7,0.615,0.008,0.792
325,4.486,7.363,0.577,48.2,0.65,0.024,0.763
326,4.251,7.365,0.64,48.7,0.537,0.055,0.832
327,6.063,9.85,0.836,68.66,0.744,0.168,0.634
328,5.698,9.887,0.815,68.72,0.662,0.244,0.723
329,5.789,9.911,0.804,68.78,0.64,0.084,0.741
330,6.494,9.885,0.832,68.84,0.747,0.149,0.734
331,6.636,9.931,0.857,68.9,0.786,0.108,0.702
332,6.526,9.98,0.819,69.04,0.701,0.112,0.753
333,6.599,10.023,0.855,69.18,0.734,0.195,0.782
334,6.74,10.053,0.862,69.32,0.737,0.085,0.741
335,6.844,10.059,0.862,69.46,0.733,0.217,0.758
336,6.533,10.07,0.827,69.6,0.769,0.041,0.812
337,6.579,10.074,0.841,69.7,0.652,0.102,0.858
338,6.32,10.072,0.88,69.8,0.79,-0.02,0.836
339,6.436,10.097,0.89,69.9,0.789,-0.06,0.816
340,5.942,10.095,0.869,70.0,0.659,-0.103,0.86
341,6.151,10.02,0.888,70.1,0.781,0.033,0.812
357,6.025,9.277,0.91,65.22,0.805,-0.015,0.808
358,6.138,9.33,0.894,65.34,0.786,-0.04,0.86
359,6.168,9.351,0.88,65.46,0.795,-0.042,0.763
360,6.272,9.351,0.886,65.58,0.757,-0.055,0.837
361,6.408,9.384,0.893,65.7,0.816,-0.05,0.815
362,6.464,9.442,0.904,65.92,0.811,-0.073,0.847
363,6.375,9.471,0.914,66.14,0.828,-0.009,0.868
364,6.607,9.512,0.901,66.36,0.841,-0.071,0.898
365,6.449,9.546,0.907,66.58,0.801,-0.09,0.887
366,6.388,9.564,0.89,66.8,0.791,-0.1,0.843
367,6.234,9.571,0.882,67.1,0.835,-0.1,0.898
368,6.157,9.569,0.909,67.4,0.838,-0.157,0.875
369,5.984,9.579,0.871,67.7,0.851,-0.148,0.855
370,6.35,9.598,0.873,68.0,0.822,-0.172,0.854
371,5.709,9.495,0.797,68.3,0.84,-0.085,0.808
372,3.476,7.952,0.629,54.36,0.508,-0.074,0.838
373,3.812,7.965,0.721,54.7,0.529,0.005,0.741
374,3.838,7.981,0.722,55.02,0.5,-0.075,0.732
375,3.956,7.988,0.719,55.34,0.534,-0.121,0.651
376,3.973,8.028,0.621,57.2,0.56,0.086,0.794
377,4.609,8.033,0.632,57.5,0.538,0.077,0.762
379,4.51,8.18,0.637,54.58,0.745,-0.109,0.833
380,3.919,8.192,0.622,54.96,0.773,-0.112,0.8
381,3.955,8.201,0.68,55.34,0.726,-0.078,0.752
382,4.056,8.242,0.686,55.72,0.662,-0.11,0.808
383,4.691,8.243,0.642,56.1,0.85,-0.104,0.841
384,4.119,8.19,0.615,56.7,0.786,-0.072,0.79
385,4.884,8.146,0.655,57.3,0.778,-0.131,0.763
386,5.49,8.136,0.621,57.9,0.699,-0.092,0.738
387,5.213,8.101,0.625,58.5,0.686,-0.046,0.741
388,3.984,6.728,0.733,49.34,0.556,-0.022,0.824
389,4.517,6.797,0.744,50.34,0.631,-0.025,0.856
390,4.639,6.832,0.77,50.78,0.557,-0.035,0.807
391,4.497,6.88,0.83,51.22,0.48,0.012,0.913
392,4.414,6.937,0.822,51.66,0.556,0.009,0.814
393,3.903,6.971,0.767,52.1,0.574,-0.048,0.866
394,4.522,6.962,0.864,52.5,0.637,-0.024,0.875
395,4.311,6.966,0.67,52.9,0.704,0.068,0.809
396,7.082,9.565,0.937,69.94,0.882,0.06,0.798
397,7.432,9.63,0.918,69.88,0.923,0.098,0.82
398,6.851,9.662,0.916,69.82,0.912,0.096,0.816
399,7.615,9.639,0.9,69.76,0.886,0.065,0.787
400,7.271,9.675,0.915,69.7,0.881,0.047,0.763
401,7.229,9.705,0.892,69.9,0.926,-0.033,0.837
402,7.272,9.74,0.902,70.1,0.929,0.046,0.794
403,7.158,9.751,0.902,70.3,0.898,0.018,0.813
404,7.247,9.775,0.914,70.5,0.927,0.01,0.788
405,6.854,9.799,0.878,70.7,0.907,-0.059,0.761
406,7.136,9.83,0.901,70.9,0.873,-0.032,0.781
407,7.225,9.858,0.922,71.1,0.936,-0.076,0.742
408,7.141,9.874,0.876,71.3,0.942,-0.107,0.781
409,6.998,9.885,0.906,71.5,0.927,-0.146,0.836
410,5.821,10.162,0.91,67.12,0.662,-0.092,0.934
411,5.433,10.104,0.861,67.64,0.549,-0.271,0.958
412,5.596,10.091,0.796,67.9,0.564,-0.237,0.973
413,5.385,10.091,0.79,68.0,0.517,-0.198,0.977
414,6.028,10.072,0.776,68.1,0.542,-0.242,0.924
415,5.885,10.069,0.751,68.2,0.627,-0.204,0.936
416,5.381,10.072,0.646,68.3,0.519,0.132,0.918
417,5.205,10.104,0.768,68.4,0.694,-0.096,0.849
418,5.417,10.146,0.798,69.0,0.672,-0.065,0.884
419,5.343,10.189,0.77,69.6,0.716,-0.104,0.892
420,5.536,10.224,0.91,70.2,0.691,-0.151,0.925
421,5.626,10.258,0.936,70.8,0.739,-0.137,0.932
422,6.508,10.166,0.923,71.4,0.837,-0.063,0.961
424,6.238,10.566,0.878,71.44,0.836,0.018,0.712
425,6.833,10.558,0.812,72.16,0.775,0.054,0.801
426,6.387,10.551,0.822,72.4,0.755,0.073,0.833
427,6.69,10.53,0.844,72.54,0.745,0.18,0.841
428,6.181,10.479,0.767,72.68,0.725,0.098,0.871
429,5.439,10.414,0.744,72.82,0.656,0.102,0.867
430,5.627,10.406,0.77,72.96,0.715,0.06,0.868
431,5.439,10.445,0.77,73.1,0.628,0.114,0.893
432,5.795,10.506,0.786,73.3,0.756,-0.03,0.898
433,6.062,10.539,0.819,73.5,0.812,0.043,0.851
434,6.276,10.567,0.826,73.7,0.794,-0.022,0.848
435,6.137,10.585,0.776,73.9,0.74,-0.008,0.865
438,6.5,10.437,0.9,67.44,0.799,-0.063,0.928
439,6.25,10.419,0.934,68.1,0.779,-0.042,0.926
440,6.331,10.435,0.914,68.24,0.787,-0.106,0.95
441,6.334,10.426,0.912,68.38,0.74,-0.154,0.957
442,6.698,10.42,0.888,68.52,0.726,-0.156,0.916
443,6.484,10.446,0.878,68.66,0.8,-0.168,0.897
444,6.608,10.496,0.911,68.8,0.808,-0.146,0.886
445,6.736,10.518,0.931,69.3,0.85,-0.197,0.9
446,6.79,10.558,0.901,69.8,0.832,-0.177,0.867
447,7.034,10.583,0.929,70.3,0.79,-0.292,0.851
448,6.897,10.53,0.964,71.3,0.906,-0.127,0.884
450,7.834,10.891,0.954,69.92,0.932,0.24,0.206
451,7.971,10.88,0.954,70.08,0.97,0.272,0.248
452,7.683,10.824,0.939,70.24,0.949,0.264,0.206
453,7.771,10.839,0.975,70.4,0.944,0.242,0.175
454,7.788,10.848,0.962,70.62,0.935,0.298,0.22
455,7.52,10.846,0.951,70.84,0.933,0.139,0.187
456,7.589,10.851,0.965,71.06,0.92,0.215,0.17
457,7.508,10.862,0.956,71.28,0.942,0.118,0.237
458,7.514,10.878,0.96,71.5,0.941,0.222,0.191
459,7.558,10.903,0.954,71.8,0.948,0.138,0.21
460,7.594,10.916,0.952,72.1,0.955,0.155,0.181
461,7.649,10.935,0.958,72.4,0.935,0.018,0.151
462,7.693,10.954,0.958,72.7,0.963,0.02,0.174
463,7.515,10.91,0.947,73.0,0.938,0.052,0.214
464,5.009,8.111,0.69,53.26,0.773,0.129,0.576
465,4.906,7.927,0.901,53.78,0.649,0.005,0.634
467,4.369,7.88,0.633,54.7,0.746,-0.057,0.519
468,5.088,9.314,0.919,62.68,0.858,0.038,0.755
469,5.081,9.372,0.848,62.96,0.886,-0.008,0.772
470,4.842,9.391,0.85,63.24,0.848,-0.045,0.728
471,5.432,9.388,0.878,63.52,0.863,-0.053,0.806
472,4.735,9.456,0.86,63.8,0.824,-0.075,0.78
473,5.397,9.475,0.872,64.02,0.848,0.014,0.788
474,4.753,9.489,0.879,64.24,0.84,-0.062,0.727
475,5.016,9.525,0.878,64.46,0.889,0.021,0.752
476,5.387,9.582,0.891,64.68,0.905,-0.02,0.76
477,5.062,9.637,0.893,64.9,0.856,-0.065,0.755
478,5.239,9.691,0.895,65.2,0.873,-0.08,0.737
479,5.605,9.725,0.894,65.5,0.855,-0.121,0.76
480,5.433,9.782,0.862,65.8,0.867,-0.15,0.762
481,6.004,9.821,0.884,66.1,0.877,-0.123,0.746
482,5.168,9.802,0.806,66.4,0.835,-0.128,0.636
483,5.024,9.186,0.91,66.08,0.671,-0.091,0.901
484,4.996,9.191,0.839,66.26,0.67,-0.063,0.83
485,5.297,9.236,0.829,66.44,0.64,-0.094,0.801
486,6.022,9.225,0.779,66.62,0.737,-0.108,0.774
487,5.838,9.244,0.839,66.8,0.723,-0.063,0.806
488,5.795,9.304,0.818,66.96,0.788,-0.155,0.702
489,5.961,9.344,0.785,67.12,0.825,-0.084,0.73
490,6.019,9.377,0.801,67.28,0.787,-0.191,0.646
491,5.946,9.399,0.831,67.44,0.719,-0.167,0.661
492,5.964,9.384,0.856,67.6,0.801,-0.114,0.666
493,6.115,9.355,0.842,67.9,0.846,-0.015,0.774
494,5.84,9.36,0.849,68.2,0.879,-0.167,0.734
495,6.128,9.355,0.851,68.5,0.869,-0.099,0.831
496,5.809,9.339,0.808,68.8,0.83,-0.115,0.839
497,5.354,9.244,0.804,69.1,0.829,-0.157,0.855
501,5.066,9.213,0.744,59.94,0.611,-0.1,0.801
502,4.669,9.244,0.769,60.0,0.486,-0.076,0.826
503,4.174,9.24,0.753,60.16,0.59,-0.151,0.859
504,4.204,9.24,0.737,60.32,0.452,-0.138,0.88
505,3.559,9.239,0.675,60.48,0.474,-0.141,0.913
506,4.885,9.245,0.619,60.64,0.578,-0.126,0.749
507,4.763,9.266,0.73,60.8,0.659,-0.089,0.684
508,4.557,9.287,0.809,61.1,0.656,-0.141,0.818
513,5.701,8.873,0.878,62.92,0.683,-0.056,0.807
514,5.296,8.887,0.717,63.24,0.639,-0.015,0.785
515,5.191,8.908,0.747,63.56,0.636,-0.078,0.735
516,6.839,8.883,0.734,63.88,0.671,-0.103,0.648
517,6.74,8.9,0.757,64.2,0.669,-0.064,0.694
518,4.741,8.933,0.731,64.4,0.747,-0.126,0.707
519,5.934,8.956,0.806,64.6,0.683,-0.155,0.786
520,6.325,8.974,0.827,64.8,0.716,-0.15,0.772
521,5.857,8.986,0.798,65.0,0.778,-0.194,0.781
522,6.018,9.005,0.791,65.2,0.733,-0.156,0.805
523,6.14,9.025,0.794,65.5,0.8,-0.185,0.797
524,6.339,9.042,0.829,65.8,0.758,-0.172,0.778
525,6.241,9.061,0.82,66.1,0.863,-0.095,0.801
526,6.455,9.08,0.764,66.4,0.877,-0.109,0.682
527,5.462,9.019,0.696,66.7,0.924,-0.126,0.583
528,5.371,10.27,0.91,64.86,0.749,-0.264,0.797
529,5.332,10.347,0.896,65.32,0.712,-0.246,0.743
530,5.452,10.298,0.904,65.78,0.642,-0.217,0.663
531,5.138,10.144,0.874,66.24,0.611,-0.23,0.793
532,5.487,10.248,0.909,66.96,0.735,-0.168,0.687
533,5.364,10.282,0.889,67.22,0.697,-0.192,0.793
534,5.367,10.299,0.901,67.48,0.754,-0.201,0.726
535,5.556,10.331,0.917,67.74,0.773,-0.153,0.652
536,5.629,10.348,0.918,68.0,0.815,-0.164,0.569
537,5.65,10.374,0.938,68.2,0.843,-0.149,0.639
538,5.938,10.429,0.936,68.4,0.862,-0.101,0.668
539,6.091,10.472,0.933,68.6,0.886,-0.141,0.621
540,6.035,10.511,0.934,68.8,0.887,-0.096,0.576
541,6.453,10.459,0.958,69.0,0.954,-0.082,0.398
543,4.445,7.343,0.602,55.8,0.707,-0.008,0.75
544,4.507,7.413,0.64,56.4,0.694,0.08,0.702
545,4.573,7.484,0.626,57.0,0.803,0.113,0.567
546,4.298,7.547,0.719,57.5,0.744,0.038,0.703
547,4.18,7.612,0.734,58.0,0.717,0.001,0.757
548,4.379,7.651,0.74,58.5,0.74,0.039,0.799
549,4.1,7.705,0.748,59.0,0.754,0.053,0.732
550,4.549,7.711,0.823,59.5,0.769,0.188,0.784
551,7.672,10.745,0.965,69.76,0.969,-0.005,0.132
552,7.671,10.796,0.951,70.08,0.934,0.028,0.217
553,7.393,10.734,0.935,70.4,0.916,0.091,0.413
554,7.354,10.754,0.938,70.64,0.936,0.101,0.32
555,7.42,10.735,0.928,70.88,0.921,-0.001,0.361
556,7.445,10.722,0.941,71.12,0.919,0.04,0.306
557,7.385,10.714,0.952,71.36,0.933,-0.001,0.265
558,7.448,10.716,0.948,71.6,0.93,0.111,0.223
559,7.66,10.74,0.954,71.7,0.948,-0.027,0.25
560,7.788,10.768,0.964,71.8,0.962,-0.002,0.192
561,7.858,10.783,0.962,71.9,0.938,-0.127,0.199
562,7.78,10.792,0.937,72.0,0.948,-0.052,0.195
563,7.889,10.75,0.962,72.1,0.962,-0.116,0.164
565,6.583,10.659,0.944,71.48,0.789,0.126,0.699
566,7.008,10.674,0.935,71.84,0.833,-0.031,0.669
567,6.283,10.639,0.918,72.02,0.798,-0.082,0.654
568,6.798,10.654,0.943,72.2,0.85,-0.104,0.623
569,6.959,10.671,0.921,72.4,0.903,-0.102,0.627
570,6.649,10.669,0.937,72.6,0.841,-0.149,0.608
571,6.667,10.669,0.908,72.8,0.878,-0.125,0.699
572,6.467,10.674,0.878,73.0,0.803,-0.118,0.656
573,6.358,10.682,0.896,73.2,0.817,-0.139,0.641
574,6.475,10.69,0.885,73.4,0.787,-0.091,0.623
575,6.635,10.711,0.931,73.6,0.834,-0.123,0.601
576,6.666,10.727,0.921,73.8,0.816,-0.138,0.582
577,6.69,10.74,0.958,74.0,0.827,-0.133,0.568
578,6.714,10.643,0.947,74.2,0.823,-0.169,0.565
579,4.255,9.608,0.653,55.48,0.772,-0.211,0.851
580,3.972,9.621,0.736,56.16,0.566,-0.195,0.81
581,3.8,9.638,0.733,56.84,0.682,-0.146,0.78
582,3.918,9.644,0.829,57.52,0.607,-0.198,0.782
583,4.661,9.649,0.756,58.2,0.671,-0.194,0.867
584,4.832,9.639,0.78,58.7,0.699,-0.204,0.817
585,4.782,9.616,0.807,59.2,0.652,-0.228,0.868
586,4.783,9.599,0.785,59.7,0.719,-0.197,0.823
587,4.914,9.607,0.763,60.2,0.736,-0.203,0.846
588,4.118,7.637,0.697,54.7,0.812,0.111,0.572
589,4.922,7.671,0.685,55.0,0.719,0.44,0.691
590,5.164,7.699,0.694,55.3,0.677,0.41,0.798
591,3.675,8.993,0.647,65.12,0.553,-0.267,0.752
592,3.707,9.117,0.548,65.04,0.464,-0.267,0.697
593,4.156,9.144,0.608,64.96,0.614,-0.224,0.498
594,3.801,9.116,0.544,64.88,0.495,-0.233,0.535
595,4.102,9.184,0.54,64.8,0.558,-0.248,0.46
596,4.203,9.263,0.503,64.86,0.632,-0.255,0.353
597,4.254,9.332,0.533,64.92,0.659,-0.269,0.321
598,4.349,9.371,0.559,64.98,0.722,-0.254,0.349
599,4.288,9.414,0.558,65.04,0.72,-0.233,0.416
600,4.122,9.442,0.517,65.1,0.64,-0.205,0.502
601,4.448,9.47,0.533,64.9,0.606,-0.249,0.561
602,4.451,9.517,0.59,64.7,0.821,-0.244,0.59
603,4.659,9.565,0.617,64.5,0.775,-0.233,0.755
604,4.892,9.617,0.675,64.3,0.811,-0.26,0.647
605,5.123,9.569,0.718,64.1,0.764,-0.221,0.583
607,6.417,10.759,0.926,70.48,0.801,0.167,0.792
609,6.641,10.714,0.935,70.76,0.844,0.127,0.69
610,6.725,10.756,0.939,70.9,0.843,0.095,0.688
611,6.621,10.813,0.947,70.98,0.906,0.033,0.677
612,6.702,10.816,0.926,71.06,0.904,0.071,0.679
613,6.965,10.817,0.931,71.14,0.894,0.024,0.566
614,6.984,10.835,0.938,71.22,0.899,0.088,0.474
615,7.037,10.844,0.926,71.3,0.889,0.178,0.412
616,6.874,10.858,0.906,71.6,0.871,0.148,0.446
617,7.074,10.878,0.892,71.9,0.841,0.145,0.414
618,7.118,10.89,0.92,72.2,0.877,0.034,0.496
619,7.035,10.893,0.886,72.5,0.885,0.057,0.462
620,7.312,10.833,0.905,72.8,0.864,-0.06,0.424
621,4.535,8.073,0.728,52.34,0.849,0.213,0.814
622,5.22,8.09,0.73,52.78,0.891,0.138,0.771
623,4.965,8.152,0.622,53.22,0.838,0.12,0.863
624,4.198,8.174,0.633,53.66,0.757,0.005,0.89
625,4.606,8.225,0.739,54.1,0.891,0.074,0.875
626,5.608,8.332,0.724,54.48,0.852,0.011,0.79
627,5.057,8.397,0.685,54.86,0.679,0.04,0.898
628,4.965,8.445,0.676,55.24,0.794,-0.065,0.88
629,3.86,8.45,0.651,55.62,0.677,0.001,0.913
630,3.986,8.449,0.687,56.0,0.852,-0.038,0.945
631,4.514,8.46,0.647,56.4,0.751,0.09,0.894
632,5.481,8.517,0.669,56.8,0.783,0.079,0.839
633,5.004,8.555,0.761,57.2,0.817,0.062,0.846
634,4.967,8.596,0.746,57.6,0.787,0.116,0.857
635,5.319,8.59,0.643,58.0,0.824,0.2,0.847
637,6.647,10.543,0.808,70.9,0.575,-0.19,0.845
638,6.039,10.491,0.793,71.3,0.443,-0.293,0.959
639,5.84,10.433,0.868,71.5,0.484,-0.303,0.954
640,5.372,10.339,0.852,71.56,0.528,-0.316,0.941
641,5.096,10.268,0.812,71.62,0.373,-0.305,0.959
642,4.72,10.243,0.687,71.68,0.426,-0.272,0.941
643,4.756,10.257,0.832,71.74,0.369,-0.288,0.93
644,5.623,10.259,0.835,71.8,0.532,-0.272,0.824
645,5.303,10.261,0.803,72.0,0.482,-0.26,0.898
646,5.148,10.278,0.753,72.2,0.438,-0.29,0.872
647,5.409,10.299,0.794,72.4,0.564,-0.335,0.86
648,5.952,10.319,0.891,72.6,0.614,-0.289,0.848
649,5.788,10.215,0.779,72.8,0.565,-0.241,0.764
650,5.901,8.85,0.83,60.74,0.663,0.172,0.706
651,6.33,8.891,0.866,61.08,0.628,0.136,0.81
652,6.414,8.904,0.866,61.42,0.63,0.206,0.796
653,6.452,8.891,0.834,61.76,0.643,0.197,0.755
654,6.29,8.901,0.859,62.1,0.696,0.166,0.795
655,5.743,8.923,0.768,62.46,0.763,0.009,0.863
656,5.856,8.935,0.802,62.82,0.865,0.02,0.821
657,5.985,8.953,0.83,63.18,0.884,0.045,0.817
658,6.536,8.98,0.834,63.54,0.843,0.108,0.804
659,6.465,9.003,0.823,63.9,0.869,0.051,0.822
660,6.359,9.013,0.811,64.2,0.863,0.011,0.812
661,6.325,9.026,0.826,64.5,0.915,-0.059,0.8
662,6.627,9.042,0.841,64.8,0.91,-0.01,0.765
663,6.262,9.064,0.774,65.1,0.901,-0.062,0.773
664,4.045,7.567,0.598,50.22,0.797,0.041,0.743
665,3.652,7.603,0.542,50.44,0.646,0.001,0.794
666,3.902,7.619,0.567,50.66,0.693,0.091,0.815
667,3.412,7.632,0.638,50.88,0.684,0.006,0.705
668,3.505,7.645,0.579,51.1,0.666,0.007,0.762
669,3.603,7.721,0.675,52.2,0.726,-0.056,0.803
670,4.874,7.792,0.634,53.3,0.738,0.038,0.75
671,5.252,7.823,0.63,54.4,0.731,0.092,0.778
672,4.768,7.849,0.655,55.5,0.691,0.097,0.756
673,5.993,8.773,0.849,57.26,0.694,0.11,0.836
674,3.754,7.407,0.694,48.46,0.449,0.401,0.854
675,3.846,7.417,0.679,40.38,0.465,0.261,0.812
676,3.766,7.384,0.554,32.3,0.373,0.216,0.848
677,4.845,7.423,0.567,36.86,0.413,0.243,0.682
678,4.413,7.437,0.749,41.42,0.482,0.289,0.717
679,4.622,7.464,0.648,45.98,0.61,0.289,0.669
680,3.889,7.477,0.554,50.54,0.509,0.285,0.708
681,3.57,7.476,0.564,55.1,0.398,0.306,0.777
682,3.352,7.477,0.584,55.3,0.304,0.291,0.839
683,3.824,7.475,0.647,55.5,0.484,0.381,0.647
684,3.615,7.477,0.538,55.7,0.591,0.422,0.72
685,5.397,8.462,0.933,64.54,0.65,0.089,0.844
686,5.097,8.5,0.819,64.78,0.676,0.23,0.826
687,5.42,8.52,0.828,65.02,0.687,0.223,0.863
688,6.033,8.474,0.824,65.26,0.661,0.119,0.857
689,5.866,8.49,0.803,65.5,0.646,0.105,0.82
690,4.961,8.508,0.766,65.72,0.783,0.095,0.884
691,4.602,8.53,0.779,65.94,0.7,-0.003,0.871
692,4.713,8.54,0.792,66.16,0.698,-0.027,0.868
693,5.056,8.552,0.79,66.38,0.696,0.015,0.834
694,4.845,8.572,0.772,66.6,0.534,-0.097,0.848
695,5.648,8.593,0.774,66.8,0.85,0.08,0.793
696,6.02,8.624,0.843,67.0,0.898,0.072,0.783
697,5.908,8.643,0.827,67.2,0.872,0.099,0.804
698,5.93,8.653,0.797,67.4,0.846,0.063,0.815
711,4.954,10.153,0.931,65.0,0.538,-0.161,0.895
712,4.895,10.097,0.901,65.4,0.464,-0.125,0.915
713,4.725,10.106,0.896,65.6,0.514,-0.145,0.983
714,4.918,10.127,0.894,65.76,0.631,-0.089,0.94
715,4.683,10.117,0.906,65.92,0.569,-0.136,0.93
716,4.914,10.14,0.877,66.08,0.674,-0.113,0.912
717,5.181,10.183,0.845,66.24,0.494,-0.15,0.855
718,5.344,10.223,0.859,66.4,0.558,-0.198,0.908
719,5.449,10.248,0.9,66.8,0.554,-0.187,0.924
720,6.065,10.293,0.877,67.2,0.661,-0.139,0.886
721,5.936,10.344,0.941,67.6,0.693,-0.243,0.911
722,6.0,10.393,0.947,68.0,0.798,-0.195,0.884
723,6.038,10.335,0.943,68.4,0.771,-0.12,0.836
724,6.888,10.861,0.977,72.32,0.885,0.272,0.708
725,7.591,10.777,0.979,72.76,0.905,0.241,0.759
726,7.501,10.809,0.967,72.84,0.923,0.306,0.713
727,7.498,10.854,0.98,73.0,0.94,0.301,0.639
728,7.51,10.904,0.985,73.0,0.952,0.281,0.719
729,7.476,10.925,0.967,73.0,0.939,0.246,0.727
731,7.575,10.824,0.983,73.0,0.949,0.16,0.644
733,5.027,8.204,0.569,56.14,0.729,-0.051,0.862
734,5.146,8.22,0.684,56.56,0.756,-0.072,0.891
735,4.522,8.281,0.653,56.98,0.679,-0.026,0.895
736,4.989,8.349,0.605,57.4,0.783,0.058,0.863
737,4.635,8.387,0.553,57.7,0.838,-0.038,0.908
738,4.72,8.428,0.511,58.0,0.609,0.067,0.83
739,4.428,8.478,0.553,58.3,0.74,0.084,0.832
740,4.424,8.538,0.621,58.6,0.809,-0.026,0.832
741,4.342,8.604,0.61,58.9,0.777,-0.005,0.776
742,4.179,8.673,0.614,59.3,0.82,0.046,0.765
743,4.046,8.73,0.607,59.7,0.886,-0.042,0.781
744,3.818,8.779,0.638,60.1,0.89,0.085,0.805
745,3.249,8.818,0.561,60.5,0.876,0.112,0.752
746,4.225,8.703,0.617,60.9,0.906,0.075,0.78
747,4.947,8.85,0.771,59.84,0.713,0.347,0.915
748,5.101,8.898,0.704,59.98,0.603,0.311,0.96
749,4.815,8.943,0.675,60.12,0.596,0.164,0.968
750,5.472,8.975,0.779,60.26,0.784,0.191,0.911
751,5.457,9.022,0.816,60.4,0.7,0.448,0.954
752,5.173,9.069,0.825,60.62,0.878,0.438,0.962
753,5.368,9.114,0.834,60.84,0.77,0.354,0.962
754,5.292,9.155,0.794,61.06,0.781,0.376,0.973
755,5.597,9.19,0.905,61.28,0.719,0.408,0.97
756,5.043,9.225,0.809,61.5,0.779,0.471,0.946
757,5.136,9.262,0.792,61.7,0.83,0.5,0.89
758,5.098,9.3,0.796,61.9,0.865,0.488,0.9
759,5.34,9.339,0.809,62.1,0.879,0.512,0.868
760,5.347,9.377,0.802,62.3,0.866,0.555,0.861
762,5.336,9.497,0.718,62.76,0.533,0.056,0.872
763,5.129,9.489,0.633,63.14,0.601,0.052,0.868
764,4.768,9.547,0.582,64.14,0.798,0.2,0.665
766,5.14,9.443,0.664,64.62,0.73,0.216,0.685
767,4.682,9.476,0.644,64.86,0.767,0.241,0.64
768,4.75,9.449,0.572,65.1,0.78,0.176,0.699
769,4.653,9.561,0.566,65.4,0.773,0.186,0.713
770,4.717,9.584,0.714,65.7,0.731,0.218,0.715
774,4.59,9.063,0.744,58.32,0.386,-0.061,0.91
775,4.775,9.076,0.862,58.96,0.431,-0.199,0.854
776,5.065,9.112,0.854,59.6,0.419,-0.125,0.859
777,4.725,9.152,0.751,59.36,0.347,-0.07,0.78
778,4.66,9.246,0.73,59.12,0.315,-0.02,0.789
780,4.542,9.25,0.725,58.64,0.646,-0.001,0.726
781,4.493,9.241,0.684,58.4,0.599,0.019,0.762
782,4.413,9.354,0.719,59.0,0.666,-0.052,0.799
783,4.462,9.303,0.695,59.6,0.628,0.0,0.757
784,4.886,9.274,0.764,60.2,0.598,-0.068,0.887
785,4.785,9.167,0.708,61.4,0.7,-0.021,0.849
786,7.144,10.972,0.967,70.14,0.943,0.242,0.473
787,7.568,10.929,0.983,70.82,0.894,0.322,0.487
788,7.046,10.866,0.959,71.16,0.835,0.315,0.58
789,7.257,10.879,0.973,71.5,0.856,0.348,0.618
790,7.007,10.878,0.977,71.6,0.952,0.383,0.59
791,6.965,10.876,0.962,71.7,0.902,0.302,0.573
792,6.76,10.884,0.955,71.8,0.884,0.331,0.558
793,7.018,10.959,0.968,71.9,0.922,0.264,0.406
794,6.83,11.174,0.953,72.0,0.892,0.233,0.409
795,7.041,11.199,0.958,72.1,0.875,0.174,0.399
796,7.06,11.266,0.943,72.2,0.905,0.216,0.337
797,6.962,11.332,0.938,72.3,0.861,0.144,0.362
798,7.255,11.371,0.944,72.4,0.892,0.074,0.373
799,7.035,11.323,0.96,72.5,0.882,0.014,0.356
801,6.841,10.428,0.868,71.44,0.683,0.219,0.868
802,7.261,10.44,0.859,71.76,0.663,0.139,0.898
803,7.353,10.425,0.937,72.08,0.593,0.172,0.923
804,7.359,10.461,0.882,72.4,0.561,0.15,0.902
805,7.433,10.489,0.893,72.46,0.722,0.141,0.891
806,7.111,10.493,0.903,72.52,0.681,0.153,0.862
807,7.321,10.515,0.909,72.58,0.739,0.15,0.849
808,7.401,10.533,0.889,72.64,0.707,0.094,0.818
809,7.079,10.536,0.864,72.7,0.753,0.108,0.789
810,7.159,10.555,0.89,72.9,0.772,0.153,0.804
811,7.331,10.57,0.916,73.1,0.768,0.145,0.793
812,6.927,10.585,0.91,73.3,0.725,0.055,0.77
813,7.332,10.601,0.946,73.5,0.834,0.085,0.743
814,7.195,10.538,0.959,73.7,0.831,-0.049,0.748
816,6.574,10.727,0.912,72.26,0.684,0.113,0.922
817,6.78,10.711,0.88,72.44,0.543,0.049,0.946
818,6.334,10.652,0.88,72.62,0.701,0.24,0.89
819,6.354,10.666,0.872,72.8,0.738,-0.06,0.921
820,6.057,10.671,0.913,72.84,0.568,-0.018,0.933
821,5.839,10.638,0.869,72.88,0.57,0.113,0.908
822,6.009,10.608,0.916,72.92,0.499,-0.102,0.943
823,6.027,10.599,0.898,72.96,0.624,-0.065,0.92
824,5.848,10.608,0.909,73.0,0.575,-0.064,0.913
825,5.955,10.622,0.927,73.2,0.624,-0.081,0.903
826,6.199,10.64,0.92,73.4,0.633,-0.035,0.867
827,6.517,10.65,0.913,73.6,0.65,-0.021,0.888
828,6.445,10.655,0.838,73.8,0.709,-0.082,0.866
829,6.488,10.563,0.89,74.0,0.718,-0.15,0.844
830,4.197,8.209,0.667,45.78,0.76,-0.153,0.902
831,3.739,8.274,0.709,47.1,0.739,-0.031,0.691
832,3.57,8.334,0.711,47.4,0.781,-0.08,0.671
833,4.445,8.393,0.704,47.7,0.8,-0.053,0.744
834,4.543,8.437,0.617,48.3,0.769,-0.043,0.757
835,5.038,8.483,0.661,48.9,0.732,-0.111,0.771
836,5.268,8.523,0.621,49.5,0.713,-0.05,0.791
837,5.392,8.564,0.679,50.1,0.736,-0.017,0.799
838,5.257,8.565,0.613,50.7,0.77,0.016,0.777
839,6.208,9.225,0.909,64.9,0.738,-0.004,0.946
840,5.374,9.164,0.855,66.22,0.796,-0.064,0.909
841,5.709,9.151,0.865,66.46,0.793,-0.021,0.931
842,5.311,9.152,0.874,66.58,0.809,-0.001,0.861
843,5.89,9.169,0.913,67.1,0.861,-0.13,0.883
844,6.309,9.186,0.878,67.5,0.891,-0.137,0.885
846,6.238,10.558,0.938,73.44,0.796,-0.09,0.809
847,5.911,10.546,0.887,73.56,0.772,-0.135,0.816
848,5.845,10.491,0.888,73.68,0.73,-0.21,0.74
849,6.057,10.532,0.902,73.8,0.772,-0.14,0.77
850,6.263,10.532,0.917,73.98,0.814,-0.052,0.734
852,5.959,10.57,0.924,74.34,0.821,-0.147,0.65
853,5.923,10.575,0.9,74.52,0.838,-0.139,0.617
854,5.88,10.588,0.923,74.7,0.832,-0.155,0.654
855,5.955,10.595,0.9,74.8,0.836,-0.062,0.698
856,5.911,10.618,0.882,74.9,0.849,-0.206,0.659
857,5.794,10.623,0.886,75.0,0.773,-0.261,0.687
858,5.908,10.632,0.878,75.1,0.806,-0.255,0.617
859,6.118,10.58,0.887,75.2,0.806,-0.259,0.609
861,5.598,9.321,0.841,63.98,0.646,-0.112,0.664
863,6.0,9.347,0.899,64.46,0.771,-0.075,0.739
875,5.476,9.804,0.872,58.2,0.731,-0.274,0.865
876,5.719,9.878,0.861,58.7,0.806,-0.246,0.865
877,5.886,9.898,0.839,59.2,0.727,-0.221,0.899
878,5.383,9.884,0.893,59.7,0.856,-0.249,0.845
879,5.514,9.94,0.904,60.2,0.785,-0.215,0.823
880,5.736,9.997,0.905,60.72,0.878,-0.235,0.802
881,5.759,10.03,0.892,61.24,0.84,-0.171,0.877
882,5.835,10.074,0.889,61.76,0.782,-0.229,0.82
883,5.97,10.101,0.795,62.28,0.799,0.004,0.805
884,5.95,10.098,0.931,62.8,0.74,-0.037,0.714
885,5.534,10.095,0.928,63.4,0.783,-0.036,0.702
886,5.882,10.121,0.914,64.0,0.745,-0.035,0.755
887,6.008,10.148,0.937,64.6,0.84,-0.098,0.824
888,6.272,10.179,0.951,65.2,0.852,-0.055,0.708
889,6.168,10.135,0.966,65.8,0.872,-0.056,0.661
890,4.223,8.039,0.909,50.22,0.616,-0.02,0.86
891,4.576,8.078,0.841,51.54,0.75,0.054,0.799
892,4.015,8.052,0.827,52.86,0.62,-0.012,0.909
893,4.27,8.057,0.789,54.18,0.584,0.1,0.913
894,4.256,8.111,0.805,55.5,0.635,0.019,0.918
895,4.405,8.143,0.846,56.06,0.709,0.022,0.923
896,4.547,8.161,0.831,56.62,0.628,0.066,0.911
897,3.795,8.192,0.825,57.18,0.708,0.212,0.861
898,4.905,8.219,0.765,57.74,0.819,0.172,0.849
899,4.358,8.249,0.777,58.3,0.793,0.221,0.853
900,4.396,8.282,0.706,58.9,0.749,0.298,0.828
901,4.476,8.306,0.715,59.5,0.853,0.234,0.854
902,4.656,8.344,0.707,60.1,0.821,0.291,0.844
903,4.619,8.373,0.676,60.7,0.818,0.31,0.794
904,4.547,8.365,0.674,61.3,0.702,0.26,0.837
919,6.076,11.228,0.919,63.96,0.769,-0.236,0.328
920,6.585,11.065,0.926,64.44,0.819,0.007,0.675
921,6.798,10.982,0.893,64.6,0.703,-0.031,0.486
930,4.641,8.185,0.844,59.98,0.678,-0.14,0.879
931,4.698,8.258,0.833,60.26,0.684,-0.091,0.929
932,4.737,8.329,0.792,60.54,0.719,-0.1,0.923
933,5.069,8.345,0.855,60.82,0.699,-0.14,0.896
934,4.996,8.329,0.885,61.1,0.72,-0.072,0.926
935,4.921,8.374,0.891,61.52,0.748,-0.155,0.932
936,5.208,8.357,0.856,61.94,0.703,-0.079,0.892
937,5.402,8.441,0.851,62.36,0.755,-0.085,0.9
938,5.252,8.46,0.898,62.78,0.736,0.355,0.897
939,4.905,8.477,0.857,63.2,0.813,0.2,0.858
940,4.857,8.5,0.914,63.5,0.814,0.056,0.917
941,5.63,8.526,0.883,63.8,0.859,0.143,0.874
942,5.297,8.543,0.898,64.1,0.945,0.267,0.907
943,5.685,8.567,0.877,64.4,0.92,-0.002,0.885
944,6.25,8.503,0.902,64.7,0.935,0.103,0.931
945,5.076,8.251,0.807,53.92,0.925,0.439,0.688
946,5.364,8.307,0.79,54.44,0.867,0.478,0.58
947,5.044,8.366,0.807,54.96,0.886,0.416,0.637
948,4.704,8.548,0.691,56.3,0.882,0.459,0.587
950,4.623,8.89,0.707,58.3,0.891,0.073,0.592
951,4.859,8.935,0.705,58.7,0.907,0.141,0.634
952,5.197,8.965,0.729,59.1,0.906,0.061,0.62
953,5.284,8.96,0.66,59.5,0.915,0.141,0.748
954,4.71,10.032,0.884,63.16,0.641,-0.229,0.937
955,4.667,10.136,0.836,63.52,0.7,-0.167,0.924
956,5.145,10.112,0.855,63.88,0.63,-0.203,0.926
957,4.669,9.975,0.807,64.24,0.437,-0.18,0.942
958,4.967,10.029,0.836,64.86,0.564,-0.002,0.934
959,5.125,10.082,0.851,65.12,0.564,-0.038,0.895
960,5.07,10.116,0.834,65.38,0.631,-0.073,0.837
961,5.729,10.144,0.881,65.64,0.671,-0.043,0.804
962,5.881,10.185,0.879,65.9,0.656,-0.077,0.808
963,5.94,10.211,0.917,66.2,0.685,-0.156,0.868
964,5.978,10.257,0.895,66.5,0.7,-0.154,0.798
965,5.901,10.307,0.913,66.8,0.608,-0.212,0.799
966,5.97,10.336,0.936,67.1,0.698,-0.194,0.789
967,6.229,10.3,0.928,67.4,0.82,-0.078,0.809
969,4.653,9.568,0.853,64.72,0.67,0.069,0.902
970,4.595,9.743,0.717,64.96,0.524,0.035,0.927
971,5.206,9.83,0.736,65.08,0.665,0.071,0.937
972,5.032,9.878,0.721,65.2,0.678,0.073,0.949
973,5.188,9.838,0.733,65.28,0.657,0.006,0.911
974,4.573,9.8,0.713,65.36,0.621,-0.006,0.856
975,4.983,9.772,0.708,65.44,0.655,-0.004,0.921
976,5.233,9.739,0.759,65.52,0.657,-0.012,0.939
977,5.172,9.699,0.742,65.6,0.597,0.073,0.889
978,5.271,9.687,0.828,66.1,0.657,0.031,0.853
979,5.154,9.681,0.777,66.6,0.605,-0.074,0.911
980,5.167,9.656,0.829,67.1,0.607,-0.066,0.907
981,4.024,9.597,0.866,67.6,0.447,-0.081,0.89
982,4.898,7.777,0.824,45.74,0.618,-0.087,0.768
983,3.808,7.953,0.798,46.6,0.729,-0.099,0.743
984,3.795,7.931,0.769,47.3,0.757,-0.145,0.797
985,3.512,7.926,0.79,48.7,0.716,-0.131,0.915
986,3.701,7.196,0.594,49.14,0.79,0.115,0.776
987,4.221,7.223,0.619,49.96,0.724,-0.035,0.84
988,4.196,7.258,0.827,51.6,0.819,-0.038,0.818
989,4.571,7.391,0.708,53.28,0.59,-0.03,0.869
990,2.702,7.365,0.638,53.7,0.671,-0.061,0.903
991,3.355,7.324,0.643,54.5,0.763,0.033,0.901
992,4.424,7.324,0.685,55.3,0.733,-0.012,0.867
993,4.135,7.311,0.727,56.1,0.766,0.05,0.868
994,5.121,7.264,0.712,56.9,0.706,0.051,0.828
995,5.754,9.842,0.855,62.66,0.712,-0.032,0.791
998,5.647,9.491,0.823,62.3,0.779,-0.019,0.673
999,5.494,9.617,0.824,62.3,0.781,-0.101,0.646
1000,5.33,9.627,0.827,62.3,0.762,-0.073,0.686
1001,5.954,10.046,0.93,63.14,0.567,-0.295,0.967
1002,5.808,10.163,0.941,63.48,0.59,-0.282,0.966
1003,5.554,10.199,0.914,63.82,0.621,-0.259,0.961
1004,5.467,10.05,0.933,64.16,0.496,-0.303,0.979
1005,5.066,10.085,0.882,64.5,0.519,-0.275,0.962
1006,5.432,10.167,0.911,64.7,0.566,-0.148,0.964
1007,5.771,10.218,0.919,64.9,0.503,-0.273,0.957
1008,5.596,10.263,0.913,65.1,0.556,-0.237,0.936
1009,6.126,10.306,0.908,65.3,0.508,-0.263,0.956
1010,5.711,10.335,0.929,65.5,0.641,-0.254,0.924
1011,5.866,10.373,0.938,66.1,0.614,-0.266,0.949
1012,6.273,10.429,0.926,66.7,0.749,-0.174,0.79
1013,6.309,10.474,0.929,67.3,0.699,-0.237,0.852
1014,6.064,10.518,0.918,67.9,0.78,-0.251,0.783
1015,6.391,10.504,0.953,68.5,0.824,-0.122,0.829
1016,6.958,11.562,0.939,71.44,0.939,0.127,0.432
1017,7.097,11.592,0.952,71.7,0.908,0.096,0.423
1018,7.101,11.595,0.934,71.88,0.962,0.106,0.388
1019,6.964,11.567,0.914,72.06,0.917,0.059,0.403
1020,7.131,11.58,0.917,72.24,0.79,-0.054,0.301
1021,6.891,11.598,0.875,72.42,0.938,0.106,0.366
1022,6.702,11.617,0.934,72.6,0.932,0.052,0.375
1023,6.967,11.64,0.941,72.6,0.882,0.019,0.356
1024,7.061,11.634,0.905,72.6,0.903,0.044,0.33
1025,7.243,11.645,0.902,72.6,0.884,-0.022,0.385
1026,7.404,11.648,0.912,72.6,0.93,-0.045,0.39
1028,4.64,7.439,0.776,54.92,0.332,-0.099,0.773
1029,4.381,7.336,0.818,56.22,0.546,-0.062,0.897
1030,3.551,7.339,0.673,56.64,0.487,-0.055,0.854
1031,3.816,7.334,0.673,57.06,0.48,-0.019,0.868
1032,3.676,7.34,0.655,57.48,0.529,-0.023,0.791
1033,3.593,7.344,0.647,57.9,0.545,-0.041,0.861
1034,3.663,7.356,0.746,58.3,0.57,-0.069,0.864
1035,4.079,7.368,0.626,58.7,0.57,-0.033,0.847
1036,4.071,7.386,0.666,59.1,0.551,0.003,0.889
1037,4.339,7.406,0.701,59.5,0.55,-0.012,0.72
1038,3.83,6.678,0.554,44.88,0.767,0.2,0.676
1039,4.891,6.742,0.6,46.26,0.91,0.202,0.691
1040,5.148,6.838,0.718,49.02,0.879,0.176,0.689
1041,3.946,6.895,0.613,51.42,0.733,0.099,0.853
1042,4.279,6.885,0.604,52.44,0.637,0.169,0.886
1043,4.035,6.907,0.563,53.46,0.752,0.078,0.857
1044,4.563,6.935,0.512,54.48,0.786,0.061,0.824
1045,3.868,6.935,0.494,55.5,0.801,0.058,0.835
1046,3.476,6.932,0.524,56.2,0.81,0.066,0.824
1047,3.417,6.945,0.555,56.9,0.848,0.025,0.735
1048,3.335,6.949,0.528,57.6,0.799,0.073,0.766
1049,3.869,6.966,0.549,58.3,0.765,0.004,0.68
1050,6.012,9.839,0.866,64.96,0.837,0.201,0.74
1051,6.239,9.881,0.871,65.12,0.844,0.089,0.799
1052,5.807,9.909,0.803,65.28,0.78,0.044,0.884
1053,5.385,9.875,0.792,65.44,0.874,-0.009,0.858
1054,5.58,9.93,0.839,65.6,0.769,0.032,0.844
1055,5.786,9.966,0.77,65.76,0.84,-0.016,0.842
1056,5.914,10.005,0.841,65.92,0.848,0.017,0.847
1057,5.77,10.037,0.831,66.08,0.791,0.264,0.755
1058,5.963,10.082,0.863,66.24,0.808,0.239,0.845
1059,6.322,10.118,0.818,66.4,0.675,0.222,0.838
1060,5.339,10.223,0.789,67.0,0.875,0.127,0.894
1061,5.428,10.252,0.842,67.2,0.916,0.123,0.782
1063,4.014,7.593,0.761,45.92,0.555,-0.072,0.761
1064,4.115,7.607,0.747,47.16,0.495,-0.012,0.918
1065,3.977,7.622,0.733,47.78,0.634,0.008,0.819
1066,3.762,7.642,0.751,48.4,0.749,-0.028,0.811
1067,4.667,7.643,0.796,48.76,0.823,-0.101,0.726
1068,4.313,7.605,0.823,49.12,0.704,-0.088,0.787
1069,3.676,7.599,0.82,49.48,0.665,-0.053,0.755
1070,3.975,7.638,0.843,49.84,0.652,-0.037,0.658
1071,4.582,7.669,0.83,50.2,0.634,-0.068,0.8
1072,4.016,7.695,0.836,50.7,0.696,-0.07,0.862
1073,4.742,7.718,0.741,51.2,0.753,-0.069,0.863
1074,4.416,7.733,0.692,51.7,0.737,-0.034,0.793
1075,4.988,7.752,0.755,52.2,0.67,-0.038,0.846
1081,6.452,10.486,0.941,72.08,0.904,0.404,0.67
1082,6.613,10.566,0.919,72.2,0.912,0.347,0.664
1083,6.591,10.599,0.93,72.2,0.916,0.345,0.696
1084,6.676,10.635,0.937,72.2,0.924,0.253,0.69
1085,6.91,10.67,0.932,72.2,0.927,0.179,0.595
1086,6.733,10.677,0.922,72.2,0.924,0.087,0.689
1088,4.149,8.533,0.682,53.66,0.573,-0.072,0.586
1089,4.248,8.501,0.67,53.94,0.593,-0.018,0.841
1090,4.5,8.473,0.819,54.22,0.735,0.039,0.848
1091,4.772,8.47,0.857,54.5,0.669,0.055,0.727
1092,4.785,8.481,0.75,54.82,0.567,0.052,0.747
1093,4.673,8.495,0.763,55.14,0.487,-0.021,0.707
1094,4.199,8.506,0.741,55.46,0.603,-0.079,0.676
1095,4.483,8.519,0.853,55.78,0.468,-0.054,0.589
1096,3.923,8.542,0.875,56.1,0.447,0.055,0.715
1097,4.472,8.526,0.785,56.4,0.467,-0.175,0.842
1098,4.678,8.533,0.779,56.7,0.527,-0.153,0.777
1099,4.314,8.526,0.802,57.0,0.467,-0.112,0.711
1100,4.153,8.556,0.798,57.3,0.628,-0.102,0.743
1101,5.477,9.767,0.8,64.7,0.848,0.191,0.847
1102,5.648,9.865,0.785,65.3,0.824,0.176,0.879
1103,5.61,9.935,0.836,65.8,0.819,0.139,0.891
1104,6.174,9.972,0.91,66.1,0.912,0.087,0.818
1105,5.882,10.008,0.909,66.4,0.867,-0.073,0.785
1106,6.241,10.043,0.913,66.7,0.893,-0.053,0.81
1107,6.015,9.972,0.893,67.0,0.843,-0.037,0.772
1109,6.525,9.825,0.879,66.32,0.67,-0.095,0.747
1110,6.829,9.821,0.876,66.38,0.677,-0.128,0.785
1111,6.963,9.752,0.868,66.44,0.682,-0.076,0.764
1112,6.802,9.788,0.876,66.5,0.778,-0.048,0.693
1113,6.91,9.81,0.824,66.68,0.831,-0.099,0.698
1114,7.32,9.832,0.767,66.86,0.788,-0.093,0.633
1115,7.443,9.832,0.759,67.04,0.739,-0.165,0.615
1116,6.68,9.847,0.782,67.22,0.779,-0.094,0.63
1117,6.236,9.867,0.761,67.4,0.719,-0.152,0.708
1118,6.824,9.884,0.893,67.7,0.752,-0.153,0.809
1119,6.41,9.893,0.8,68.0,0.861,-0.202,0.801
1120,6.55,9.903,0.858,68.3,0.816,-0.179,0.809
1121,6.432,9.891,0.852,68.6,0.903,-0.141,0.809
1122,5.964,9.782,0.779,68.9,0.873,-0.119,0.778
1123,5.102,8.936,0.812,60.58,0.554,-0.164,0.926
1124,4.775,8.968,0.804,60.76,0.696,-0.186,0.93
1125,5.503,9.045,0.872,60.94,0.641,-0.056,0.926
1126,5.554,8.984,0.856,61.12,0.551,-0.099,0.925
1127,5.59,9.054,0.847,61.3,0.598,-0.088,0.929
1128,5.792,9.111,0.869,61.62,0.628,-0.082,0.957
1129,5.996,9.105,0.826,61.94,0.602,-0.05,0.955
1130,5.756,9.192,0.803,62.26,0.658,-0.069,0.941
1131,5.917,9.241,0.805,62.58,0.623,-0.113,0.925
1132,6.017,9.246,0.84,62.9,0.595,-0.09,0.943
1133,5.578,9.3,0.837,63.6,0.557,-0.047,0.969
1134,5.326,9.363,0.831,64.3,0.553,-0.053,0.926
1135,5.682,9.423,0.892,65.0,0.824,-0.084,0.929
1136,5.803,9.475,0.809,65.7,0.784,-0.092,0.884
1137,5.812,9.462,0.874,66.4,0.859,-0.058,0.941
1138,4.609,8.833,0.881,58.82,0.781,0.064,0.918
1139,4.493,8.904,0.92,59.28,0.484,0.068,0.962
1140,4.586,8.92,0.904,60.2,0.631,0.099,0.928
1141,5.031,9.061,0.948,60.5,0.7,0.151,0.931
1142,4.885,9.158,0.919,60.8,0.688,0.107,0.932
1143,4.913,9.248,0.935,61.1,0.748,0.136,0.928
1144,4.825,9.304,0.943,61.4,0.752,0.146,0.909
1145,4.983,9.308,0.906,61.7,0.686,0.173,0.9
1146,5.057,9.3,0.947,61.9,0.76,0.09,0.9
1147,5.334,9.334,0.924,62.1,0.675,0.119,0.865
1148,5.465,9.386,0.942,62.3,0.696,0.054,0.849
1149,5.563,9.418,0.946,62.5,0.711,0.149,0.873
1150,6.011,9.396,0.918,62.7,0.718,0.141,0.843
1151,5.196,9.693,0.832,66.2,0.512,-0.134,0.815
1152,4.801,9.699,0.816,66.8,0.556,-0.101,0.838
1153,5.455,9.724,0.805,67.1,0.552,-0.206,0.757
1154,5.223,9.755,0.818,67.26,0.546,-0.226,0.762
1155,5.219,9.726,0.704,67.42,0.462,-0.192,0.755
1156,5.074,9.76,0.736,67.58,0.502,-0.176,0.693
1157,5.283,9.777,0.863,67.74,0.503,0.097,0.768
1158,5.125,9.81,0.74,67.9,0.583,-0.144,0.781
1159,5.304,9.839,0.866,68.1,0.569,-0.087,0.849
1160,5.615,9.885,0.881,68.3,0.626,-0.083,0.756
1161,5.65,9.934,0.856,68.5,0.626,-0.051,0.769
1162,5.386,9.97,0.832,68.7,0.694,-0.105,0.82
1163,5.722,9.913,0.887,68.9,0.802,0.06,0.845
1165,5.085,8.783,0.833,63.8,0.579,-0.218,0.875
1166,4.97,8.799,0.676,64.1,0.757,-0.187,0.845
1167,5.142,8.829,0.597,64.4,0.572,-0.21,0.771
1168,5.163,8.872,0.606,65.0,0.713,-0.228,0.842
1169,5.386,8.869,0.655,65.3,0.817,-0.237,0.717
1170,5.312,8.898,0.641,65.6,0.814,-0.216,0.841
1171,4.897,8.914,0.554,65.9,0.773,-0.234,0.843
1172,5.057,8.925,0.535,66.2,0.757,-0.244,0.757
1173,4.803,8.871,0.553,66.5,0.819,-0.229,0.803
1174,4.595,6.776,0.879,44.8,0.684,0.041,0.758
1175,4.833,6.823,0.748,45.5,0.643,0.074,0.854
1176,4.654,6.865,0.756,46.2,0.514,0.006,0.864
1177,4.971,6.979,0.818,48.32,0.639,-0.024,0.719
1178,4.55,7.141,0.666,51.2,0.813,0.089,0.632
1179,4.28,7.157,0.678,53.2,0.823,-0.03,0.682
1180,4.654,7.162,0.738,54.2,0.897,0.049,0.691
1181,4.932,7.155,0.742,55.2,0.87,0.073,0.682
1182,4.439,8.158,0.612,57.02,0.691,0.645,0.695
1183,4.176,8.23,0.757,57.38,0.775,0.689,0.638
1185,4.224,8.359,0.752,58.1,0.808,0.688,0.633
1186,4.623,8.408,0.793,58.4,0.877,0.679,0.607
1187,4.154,8.464,0.795,58.7,0.886,0.65,0.619
1188,4.411,8.523,0.774,59.0,0.906,0.49,0.647
1189,4.434,8.545,0.763,59.3,0.899,0.561,0.682
1190,4.431,8.554,0.796,59.6,0.825,0.47,0.647
1191,4.886,9.059,0.828,49.68,0.781,-0.101,0.839
1192,4.574,9.232,0.763,55.16,0.849,-0.183,0.79
1193,4.441,9.215,0.828,56.2,0.81,-0.19,0.831
1194,4.834,9.204,0.864,56.5,0.754,-0.169,0.846
1195,4.436,9.173,0.845,56.8,0.739,-0.174,0.879
1196,4.451,9.104,0.741,57.1,0.666,-0.104,0.81
1198,4.748,7.638,0.787,57.7,0.413,0.317,0.891
1199,4.441,7.686,0.818,58.2,0.618,0.291,0.9
1200,4.917,7.723,0.813,58.7,0.616,0.044,0.95
1201,4.35,7.765,0.779,59.2,0.519,0.092,0.911
1202,3.809,7.797,0.741,59.4,0.525,-0.01,0.935
1203,4.233,7.846,0.734,59.6,0.638,0.07,0.883
1204,4.605,7.889,0.74,59.8,0.722,0.151,0.877
1205,4.975,7.948,0.786,60.0,0.712,0.121,0.841
1206,4.812,7.976,0.748,60.2,0.763,0.227,0.824
1207,5.1,7.973,0.837,61.3,0.839,0.168,0.817
1208,4.737,8.039,0.816,62.4,0.845,0.134,0.77
1209,4.91,8.087,0.768,63.5,0.77,0.122,0.742
1210,5.449,8.136,0.772,64.6,0.79,0.167,0.712
1212,7.452,10.881,0.944,70.8,0.896,0.344,0.445
1213,7.631,10.899,0.944,71.0,0.883,0.365,0.419
1214,7.502,10.864,0.957,71.4,0.921,0.349,0.399
1215,7.564,10.875,0.938,71.52,0.925,0.336,0.359
1216,7.471,10.861,0.939,71.64,0.877,0.288,0.434
1217,7.407,10.857,0.925,71.76,0.919,0.305,0.505
1218,7.321,10.867,0.909,71.88,0.91,0.331,0.457
1219,7.324,10.882,0.879,72.0,0.904,0.261,0.412
1220,7.541,10.899,0.926,72.1,0.907,0.239,0.433
1221,7.459,10.921,0.937,72.2,0.92,0.25,0.363
1222,7.463,10.941,0.939,72.3,0.92,0.161,0.371
1223,7.425,10.953,0.941,72.4,0.886,0.213,0.36
1224,7.504,10.901,0.944,72.5,0.935,0.151,0.281
1225,7.305,10.526,0.946,71.2,0.932,0.312,0.224
1226,7.604,10.546,0.967,71.4,0.878,0.279,0.295
1227,7.381,10.528,0.944,71.6,0.893,0.298,0.334
1228,7.224,10.52,0.976,72.0,0.918,0.254,0.321
1229,7.191,10.536,0.954,72.12,0.935,0.284,0.269
1230,7.25,10.553,0.93,72.24,0.902,0.287,0.289
1231,7.28,10.571,0.958,72.36,0.944,0.237,0.312
1232,7.306,10.592,0.942,72.48,0.932,0.348,0.273
1233,7.418,10.608,0.987,72.6,0.942,0.329,0.186
1234,7.226,10.623,0.937,72.8,0.927,0.266,0.278
1235,7.327,10.633,0.955,73.0,0.942,0.294,0.222
1236,7.37,10.66,0.954,73.2,0.949,0.12,0.207
1237,7.205,10.666,0.939,73.4,0.912,0.157,0.234
1238,7.257,10.6,0.952,73.6,0.918,0.125,0.283
1239,4.46,8.398,0.877,64.14,0.745,0.01,0.844
1240,4.944,8.434,0.866,64.48,0.836,0.14,0.826
1241,5.104,8.454,0.857,64.82,0.791,0.076,0.819
1242,5.353,8.407,0.835,65.16,0.746,0.07,0.794
1243,5.687,8.436,0.863,65.5,0.792,0.018,0.802
1244,5.386,8.484,0.8,65.72,0.779,-0.02,0.76
1245,5.448,8.534,0.894,65.94,0.85,0.017,0.644
1246,5.772,8.569,0.868,66.16,0.859,0.039,0.636
1247,6.275,8.602,0.839,66.38,0.817,0.104,0.699
1248,5.924,8.636,0.827,66.6,0.809,0.077,0.728
1249,6.013,8.668,0.853,66.9,0.717,0.039,0.731
1250,6.476,8.7,0.838,67.2,0.922,0.01,0.673
1251,5.819,8.647,0.854,67.5,0.797,0.009,0.713
1252,6.113,8.595,0.874,67.8,0.883,0.029,0.622
1253,3.737,6.888,0.677,46.36,0.75,0.076,0.755
1254,4.277,6.881,0.726,47.12,0.584,-0.056,0.748
1255,4.236,6.918,0.607,47.88,0.649,-0.055,0.749
1256,4.267,6.898,0.771,48.64,0.88,-0.009,0.483
1257,4.101,6.941,0.655,49.4,0.817,-0.023,0.529
1258,4.556,6.925,0.818,49.92,0.78,-0.055,0.549
1259,3.798,6.987,0.7,50.44,0.734,-0.064,0.777
1260,3.716,7.002,0.696,50.96,0.825,-0.077,0.711
1261,4.181,7.027,0.753,51.48,0.688,-0.046,0.605
1262,3.671,7.03,0.713,52.0,0.728,-0.032,0.703
1263,4.235,7.047,0.683,52.5,0.702,-0.016,0.814
1264,4.616,7.058,0.582,53.0,0.684,-0.03,0.778
1265,5.164,7.087,0.612,53.5,0.791,0.009,0.637
1266,5.004,7.106,0.677,54.0,0.831,0.026,0.729
1267,4.71,8.326,0.735,44.12,0.649,0.085,0.871
1268,4.89,8.364,0.718,44.64,0.635,0.136,0.918
1269,4.939,8.403,0.78,45.16,0.584,0.119,0.892
1270,4.98,8.453,0.722,45.68,0.537,0.067,0.913
1271,4.76,8.504,0.824,46.2,0.565,0.067,0.911
1272,5.493,8.543,0.818,47.12,0.652,0.066,0.9
1273,4.818,8.581,0.663,47.58,0.622,0.051,0.905
1274,4.933,8.615,0.812,48.5,0.68,-0.035,0.926
1275,5.22,8.573,0.805,48.9,0.798,0.043,0.905
1276,5.322,8.555,0.733,49.3,0.826,0.124,0.835
1277,5.252,8.548,0.741,49.7,0.79,-0.01,0.866
1278,4.356,8.544,0.734,50.1,0.729,0.032,0.873
1279,5.503,8.484,0.739,50.5,0.713,0.099,0.913
1287,4.494,9.416,0.811,64.095,0.439,0.08,0.87
1288,4.428,9.464,0.734,64.349,0.552,-0.042,0.844
1289,4.18,9.496,0.687,64.502,0.513,-0.058,0.856
1290,4.898,9.518,0.784,64.661,0.607,-0.087,0.865
1291,4.64,9.513,0.798,64.811,0.613,-0.084,0.92
1292,5.186,9.541,0.832,64.942,0.641,0.025,0.861
1293,5.204,9.576,0.793,65.053,0.645,0.035,0.861
1294,4.976,9.613,0.766,65.145,0.66,-0.047,0.824
1295,5.346,9.64,0.871,65.225,0.706,0.08,0.87
1296,5.234,9.65,0.8,65.303,0.752,-0.059,0.856
1297,5.24,9.677,0.849,65.389,0.745,-0.041,0.91
1298,5.015,9.711,0.815,65.474,0.725,0.024,0.923
1299,5.054,9.69,0.75,65.56,0.787,0.131,0.877
1300,7.416,11.031,0.959,71.32,0.96,0.109,0.397
1301,7.632,11.042,0.936,71.56,0.947,0.018,0.503
1302,7.678,11.017,0.948,72.24,0.947,0.147,0.368
1303,7.444,11.024,0.941,72.68,0.956,0.181,0.405
1304,7.603,11.033,0.947,72.9,0.948,0.257,0.299
1305,7.596,11.035,0.96,73.0,0.954,0.133,0.41
1306,7.579,11.05,0.95,73.1,0.953,0.236,0.25
1307,7.444,11.056,0.966,73.2,0.96,0.094,0.268
1308,7.442,11.061,0.942,73.3,0.954,0.111,0.271
1309,7.29,11.042,0.956,73.4,0.965,0.075,0.271
1312,5.671,8.277,0.479,55.0,0.396,0.089,0.794
1313,4.414,8.271,0.373,55.4,0.335,0.1,0.848
1314,5.208,8.277,0.522,55.8,0.388,0.077,0.874
1315,5.786,8.27,0.571,56.2,0.364,0.3,0.852
1316,5.267,8.276,0.51,56.42,0.376,0.03,0.857
1317,5.132,8.289,0.542,56.64,0.367,0.165,0.842
1318,5.138,8.311,0.607,56.86,0.448,0.1,0.792
1319,5.436,8.336,0.552,57.08,0.543,0.14,0.677
1320,4.823,8.361,0.562,57.3,0.587,0.085,0.717
1321,5.549,8.394,0.627,57.7,0.634,0.095,0.793
1322,5.831,8.428,0.69,58.1,0.713,0.045,0.714
1323,5.472,8.464,0.685,58.5,0.773,0.069,0.799
1324,4.443,8.453,0.617,58.9,0.685,0.124,0.776
1326,4.151,8.218,0.712,61.897,0.365,-0.08,0.844
1327,4.386,8.276,0.666,62.015,0.358,-0.07,0.753
1328,4.47,8.329,0.738,62.132,0.468,-0.085,0.797
1329,4.703,8.383,0.822,62.25,0.504,-0.117,0.752
1339,6.128,9.764,0.951,67.9,0.882,-0.047,0.912
1340,6.894,9.859,0.937,68.0,0.64,0.083,0.915
1341,6.931,9.935,0.922,68.1,0.707,0.06,0.881
1342,7.034,9.93,0.905,68.2,0.721,0.014,0.889
1343,7.321,9.969,0.928,68.3,0.755,-0.009,0.88
1344,7.248,10.059,0.876,68.5,0.829,0.009,0.84
1345,6.86,10.135,0.897,68.7,0.783,-0.002,0.796
1346,6.866,10.184,0.896,68.9,0.811,0.018,0.814
1347,6.631,10.217,0.873,69.1,0.894,0.002,0.847
1348,6.606,10.255,0.883,69.3,0.847,-0.007,0.81
1349,6.118,10.287,0.882,69.4,0.884,-0.102,0.837
1350,6.568,10.324,0.912,69.5,0.9,-0.17,0.841
1351,6.281,10.343,0.904,69.6,0.861,-0.131,0.837
1352,6.086,10.356,0.886,69.7,0.883,-0.199,0.869
1353,4.73,9.088,0.895,63.62,0.691,0.066,0.841
1354,5.272,9.126,0.863,63.84,0.699,0.132,0.93
1355,5.57,9.174,0.889,64.06,0.649,0.057,0.891
1356,5.576,9.158,0.9,64.28,0.718,0.027,0.857
1357,5.841,9.25,0.889,64.5,0.726,0.076,0.78
1358,5.677,9.278,0.869,64.62,0.666,0.191,0.756
1359,5.82,9.259,0.931,64.74,0.748,0.2,0.774
1360,5.936,9.326,0.939,64.86,0.909,0.046,0.903
1361,5.119,9.36,0.959,64.98,0.759,-0.002,0.762
1362,5.56,9.377,0.914,65.1,0.806,-0.008,0.863
1363,5.801,9.406,0.94,65.3,0.854,-0.071,0.756
1364,5.713,9.441,0.902,65.5,0.891,0.003,0.81
1365,5.653,9.448,0.892,65.9,0.876,0.028,0.882
1366,4.811,8.989,0.875,65.34,0.668,-0.071,0.895
1367,5.214,9.063,0.756,65.58,0.638,-0.078,0.931
1368,5.129,9.142,0.777,65.82,0.638,-0.067,0.896
1369,5.519,9.145,0.799,66.06,0.638,-0.079,0.88
1370,5.613,9.217,0.812,66.3,0.757,-0.06,0.881
1371,5.892,9.27,0.756,66.48,0.773,-0.123,0.824
1372,5.825,9.322,0.764,66.66,0.703,-0.079,0.867
1373,5.783,9.369,0.797,66.84,0.703,-0.066,0.87
1374,5.866,9.382,0.819,67.02,0.722,-0.136,0.878
1375,5.577,9.402,0.798,67.2,0.802,-0.09,0.884
1376,5.701,9.426,0.803,67.5,0.83,-0.134,0.866
1377,5.711,9.434,0.83,67.8,0.827,-0.154,0.895
1378,5.68,9.456,0.845,68.1,0.83,-0.178,0.906
1379,5.999,9.461,0.809,68.4,0.815,-0.13,0.874
1381,5.074,8.608,0.801,60.0,0.852,-0.022,0.88
1382,4.589,8.634,0.798,60.2,0.861,0.083,0.817
1383,4.88,8.632,0.775,60.4,0.874,0.004,0.805
1384,4.942,8.686,0.805,60.6,0.893,0.033,0.812
1385,4.994,8.707,0.789,60.8,0.883,0.073,0.783
1386,5.002,8.756,0.813,61.0,0.914,0.053,0.771
1387,4.977,8.805,0.846,61.2,0.907,0.021,0.756
1388,5.313,8.85,0.813,61.4,0.902,-0.015,0.787
1389,5.547,8.896,0.854,61.6,0.912,-0.051,0.755
1390,5.431,8.95,0.821,61.7,0.908,-0.071,0.792
1391,5.594,9.002,0.851,61.8,0.926,-0.141,0.711
1392,5.869,9.05,0.846,61.9,0.918,-0.108,0.726
1393,6.268,9.095,0.845,62.0,0.91,-0.083,0.748
1394,5.08,9.061,0.781,62.1,0.932,-0.116,0.744
1396,5.886,9.978,0.913,66.7,0.772,-0.047,0.925
1397,5.772,10.047,0.917,67.1,0.821,0.073,0.898
1398,5.887,10.085,0.955,67.3,0.795,0.002,0.905
1399,5.646,10.133,0.905,67.46,0.868,-0.067,0.908
1400,5.876,10.149,0.936,67.62,0.811,-0.027,0.888
1401,5.746,10.164,0.912,67.78,0.776,-0.137,0.916
1402,5.75,10.197,0.924,67.94,0.875,-0.064,0.898
1403,6.007,10.235,0.893,68.1,0.793,-0.093,0.81
1404,6.162,10.266,0.917,68.5,0.871,-0.091,0.848
1405,6.201,10.314,0.882,68.9,0.831,-0.122,0.639
1406,6.111,10.366,0.863,69.3,0.87,-0.254,0.72
1407,6.242,10.407,0.878,69.7,0.883,-0.231,0.696
1408,6.139,10.371,0.953,70.1,0.767,-0.007,0.787
1409,5.405,10.36,0.905,69.84,0.882,-0.179,0.88
1410,5.717,10.384,0.886,70.32,0.646,-0.217,0.933
1411,5.095,10.368,0.864,70.8,0.721,-0.106,0.948
1412,5.22,10.353,0.856,71.0,0.875,-0.173,0.962
1413,4.994,10.315,0.866,71.2,0.774,-0.097,0.959
1414,5.158,10.312,0.867,71.4,0.788,-0.118,0.946
1415,5.127,10.325,0.862,71.6,0.847,-0.126,0.941
1416,5.081,10.347,0.866,71.8,0.8,-0.163,0.941
1417,5.447,10.37,0.905,72.0,0.838,-0.225,0.922
1418,5.711,10.407,0.9,72.2,0.905,-0.176,0.881
1419,5.92,10.434,0.887,72.4,0.877,-0.261,0.88
1420,6.095,10.457,0.876,72.6,0.882,-0.234,0.915
1421,5.768,10.371,0.875,72.8,0.913,-0.238,0.867
1422,6.418,11.456,0.894,66.58,0.865,0.235,0.184
1428,5.394,9.892,0.736,64.48,0.686,-0.188,0.949
1429,5.368,9.949,0.812,64.96,0.606,-0.196,0.967
1430,4.909,9.915,0.689,65.2,0.566,-0.085,0.974
1431,5.023,9.94,0.753,65.42,0.65,-0.14,0.964
1432,5.167,9.965,0.74,65.64,0.645,-0.112,0.959
1433,5.082,10.004,0.778,65.86,0.655,-0.129,0.952
1434,5.727,10.041,0.753,66.08,0.754,-0.1,0.958
1435,5.777,10.083,0.787,66.3,0.796,-0.141,0.962
1436,5.969,10.136,0.809,66.6,0.822,-0.115,0.949
1437,6.09,10.211,0.811,66.9,0.839,-0.16,0.926
1438,6.151,10.26,0.818,67.2,0.845,-0.217,0.921
1439,6.13,10.306,0.842,67.5,0.848,-0.221,0.954
1440,4.964,9.991,0.895,58.68,0.643,-0.307,0.935
1441,5.223,10.074,0.885,59.26,0.593,-0.284,0.933
1442,5.619,10.125,0.882,59.84,0.643,-0.305,0.924
1443,5.158,10.044,0.908,60.42,0.617,-0.283,0.954
1444,5.385,10.087,0.909,61.0,0.613,-0.296,0.937
1445,5.389,10.129,0.883,61.42,0.626,-0.279,0.935
1446,5.621,10.166,0.901,61.84,0.609,-0.293,0.938
1447,5.537,10.182,0.881,62.26,0.661,-0.289,0.934
1448,6.037,10.171,0.932,62.68,0.744,-0.265,0.869
1449,5.996,10.149,0.924,63.1,0.685,-0.171,0.913
1450,5.855,10.149,0.911,63.5,0.714,-0.181,0.925
1451,5.579,10.166,0.896,63.9,0.731,-0.145,0.862
1452,5.514,10.191,0.909,64.3,0.729,-0.147,0.865
1453,5.441,10.205,0.91,64.7,0.715,-0.116,0.848
1454,5.495,10.162,0.887,65.1,0.714,-0.071,0.823
1456,4.363,7.239,0.486,53.04,0.752,0.017,0.286
1457,4.03,7.273,0.559,54.62,0.766,-0.001,0.41
1458,4.097,7.369,0.57,56.82,0.829,-0.039,0.161
1459,3.333,7.428,0.637,57.44,0.835,-0.012,0.081
1460,3.466,7.449,0.75,58.06,0.904,-0.028,0.117
1461,3.596,7.484,0.748,58.68,0.894,-0.023,0.078
1462,3.483,7.544,0.678,59.3,0.908,0.025,0.095
1463,3.333,7.576,0.665,59.9,0.911,0.025,0.159
1464,3.108,7.588,0.517,60.5,0.908,0.051,0.214
1465,3.561,7.644,0.616,61.1,0.924,0.057,0.164
1466,3.268,7.708,0.489,61.7,0.869,0.064,0.168
1469,6.811,10.722,0.823,64.04,0.532,-0.022,0.508
1470,6.148,10.673,0.921,64.22,0.639,-0.11,0.445
1482,4.417,7.881,0.76,53.38,0.736,-0.051,0.805
1483,4.68,7.903,0.718,54.06,0.698,-0.002,0.827
1484,4.683,7.916,0.756,54.74,0.612,-0.03,0.879
1485,4.335,7.909,0.81,55.42,0.557,-0.036,0.918
1486,4.372,7.917,0.76,56.1,0.777,-0.077,0.851
1487,3.834,7.904,0.602,56.56,0.641,-0.16,0.87
1488,3.669,7.926,0.711,57.02,0.668,-0.036,0.852
1489,3.647,7.926,0.823,57.48,0.636,-0.052,0.837
1490,4.395,7.961,0.856,57.94,0.692,-0.045,0.7
1491,4.617,7.995,0.702,58.4,0.72,-0.111,0.765
1492,4.595,8.029,0.839,58.8,0.744,-0.086,0.794
1493,4.683,8.072,0.744,59.2,0.687,-0.044,0.825
1494,4.769,8.106,0.739,59.6,0.629,-0.074,0.805
1495,5.489,8.13,0.688,60.0,0.759,-0.019,0.796
1496,4.75,9.532,0.844,65.6,0.453,-0.165,0.905
1497,4.38,9.568,0.77,66.0,0.373,-0.178,0.961
1498,4.461,9.579,0.726,66.2,0.463,-0.17,0.965
1499,4.815,9.607,0.773,66.36,0.44,-0.185,0.977
1500,5.155,9.605,0.819,66.52,0.461,-0.13,0.952
1501,5.102,9.638,0.828,66.68,0.533,-0.1,0.908
1502,5.113,9.627,0.783,66.84,0.532,0.072,0.912
1503,5.318,9.649,0.816,67.0,0.546,-0.062,0.859
1504,5.753,9.688,0.895,67.4,0.614,-0.068,0.89
1505,5.122,9.713,0.884,67.8,0.685,-0.077,0.851
1506,5.936,9.762,0.853,68.2,0.74,-0.1,0.864
1507,6.241,9.808,0.903,68.6,0.753,-0.04,0.813
1508,6.042,9.788,0.852,69.0,0.843,0.149,0.824
1509,3.628,7.136,0.561,40.3,0.679,0.101,0.836
1510,3.585,7.187,0.686,41.2,0.72,0.248,0.83
1511,2.997,7.215,0.591,42.1,0.716,0.148,0.925
1512,4.134,7.254,0.812,43.9,0.726,0.012,0.91
1513,4.502,7.292,0.782,44.32,0.77,0.005,0.855
1514,4.514,7.577,0.708,45.16,0.72,-0.071,0.856
1515,4.5,7.6,0.869,45.58,0.681,0.034,0.786
1516,4.909,7.347,0.611,46.0,0.624,0.05,0.825
1517,4.733,7.384,0.657,47.6,0.681,0.106,0.863
1518,4.09,7.404,0.652,49.2,0.711,0.079,0.848
1519,4.306,7.417,0.65,50.8,0.716,0.095,0.856
1520,3.447,7.449,0.611,52.4,0.718,0.074,0.874
1522,6.834,11.212,0.921,73.9,0.867,0.293,0.064
1523,6.642,11.178,0.845,74.2,0.661,0.046,0.066
1524,6.145,11.149,0.866,74.5,0.776,-0.075,0.035
1525,6.531,11.267,0.864,74.8,0.846,-0.018,0.06
1526,6.561,11.307,0.904,75.02,0.822,-0.149,0.099
1527,6.533,11.357,0.808,75.46,0.827,0.115,0.242
1528,7.062,11.383,0.822,75.68,0.835,0.154,0.133
1529,6.62,11.4,0.866,75.9,0.887,0.15,0.099
1530,6.033,11.419,0.925,76.2,0.904,0.143,0.047
1531,6.378,11.461,0.897,76.5,0.926,0.136,0.162
1532,6.375,11.49,0.903,76.8,0.916,-0.066,0.097
1533,6.378,11.486,0.925,77.1,0.938,0.027,0.07
1534,5.265,10.015,0.954,66.0,0.542,-0.05,0.946
1535,6.052,10.169,0.92,66.8,0.636,-0.101,0.907
1536,5.945,10.196,0.917,67.04,0.727,0.01,0.907
1537,5.911,10.213,0.926,67.28,0.62,-0.028,0.907
1538,5.937,10.218,0.909,67.52,0.598,-0.051,0.915
1539,6.139,10.244,0.924,67.76,0.635,-0.126,0.914
1540,6.162,10.291,0.943,68.0,0.587,-0.128,0.928
1541,5.993,10.31,0.945,68.3,0.7,-0.061,0.917
1542,6.366,10.339,0.913,68.6,0.714,-0.055,0.92
1543,6.235,10.376,0.922,68.9,0.758,-0.167,0.91
1544,6.243,10.398,0.933,69.2,0.771,-0.129,0.926
1545,6.519,10.332,0.954,69.5,0.762,-0.075,0.901
1546,5.811,10.403,0.936,68.0,0.936,0.043,0.708
1547,5.83,10.41,0.919,68.9,0.896,-0.019,0.804
1548,6.083,10.419,0.917,69.2,0.896,0.029,0.845
1549,6.036,10.426,0.931,69.4,0.907,-0.025,0.893
1550,6.063,10.397,0.925,69.6,0.904,-0.02,0.891
1551,5.975,10.385,0.932,69.8,0.89,0.036,0.918
1552,5.678,10.412,0.908,70.0,0.888,0.052,0.909
1553,5.741,10.433,0.901,70.2,0.896,0.008,0.892
1554,5.937,10.463,0.934,70.5,0.904,-0.055,0.838
1555,6.167,10.509,0.928,70.8,0.921,-0.025,0.829
1556,6.249,10.546,0.941,71.1,0.942,-0.119,0.839
1557,6.665,10.563,0.949,71.4,0.945,-0.102,0.785
1558,6.462,10.478,0.953,71.7,0.958,-0.081,0.797
1567,5.204,9.426,0.788,48.64,0.69,-0.158,0.859
1568,5.346,9.444,0.81,49.26,0.749,-0.095,0.866
1569,5.218,9.414,0.877,49.88,0.739,-0.154,0.904
1570,4.652,9.43,0.917,50.5,0.739,-0.202,0.791
1571,4.931,9.447,0.858,51.46,0.835,-0.154,0.819
1572,5.134,9.453,0.907,52.42,0.59,-0.163,0.838
1573,3.661,9.461,0.839,53.38,0.714,-0.077,0.8
1574,4.828,9.464,0.881,54.34,0.794,-0.117,0.82
1575,4.887,9.46,0.898,55.3,0.862,-0.127,0.853
1576,4.77,9.45,0.875,55.7,0.774,-0.07,0.813
1577,4.514,9.45,0.87,56.1,0.787,-0.129,0.865
1578,4.884,9.444,0.841,56.5,0.753,-0.05,0.841
1579,5.035,9.432,0.848,56.9,0.738,-0.134,0.82
1580,4.947,9.332,0.891,57.3,0.757,-0.015,0.912
1581,5.332,10.31,0.775,70.2,0.715,-0.052,0.799
1582,5.767,10.361,0.827,70.5,0.656,-0.059,0.803
1583,5.39,10.383,0.754,70.8,0.524,-0.102,0.771
1584,5.648,10.386,0.811,71.1,0.6,-0.096,0.787
1585,6.116,10.447,0.816,71.4,0.677,-0.033,0.752
1586,6.947,10.475,0.809,71.66,0.682,-0.048,0.827
1588,5.959,10.52,0.797,72.18,0.642,-0.05,0.832
1589,5.801,10.546,0.738,72.44,0.623,-0.043,0.834
1590,5.78,10.568,0.768,72.7,0.616,-0.036,0.841
1591,5.971,10.593,0.811,73.0,0.591,0.026,0.862
1592,5.874,10.621,0.807,73.3,0.538,0.014,0.851
1593,5.84,10.643,0.798,73.6,0.6,-0.089,0.797
1594,5.903,10.661,0.783,73.9,0.706,-0.055,0.718
1595,5.793,10.648,0.808,74.2,0.711,-0.106,0.665
1601,6.995,10.587,0.957,72.06,0.782,-0.093,0.784
1602,7.294,10.579,0.948,72.34,0.834,-0.15,0.683
1603,6.199,10.532,0.929,72.62,0.749,-0.127,0.798
1604,6.188,10.529,0.95,72.9,0.796,-0.138,0.84
1605,6.518,10.518,0.944,73.02,0.819,-0.122,0.846
1606,6.291,10.487,0.937,73.14,0.755,-0.059,0.844
1607,6.15,10.476,0.929,73.26,0.759,-0.101,0.916
1608,6.456,10.492,0.948,73.38,0.738,-0.028,0.854
1609,6.381,10.531,0.956,73.5,0.732,-0.072,0.822
1610,6.319,10.56,0.942,73.8,0.768,-0.048,0.819
1611,6.23,10.586,0.903,74.1,0.756,-0.032,0.791
1612,6.513,10.605,0.91,74.4,0.722,-0.075,0.777
1613,6.457,10.618,0.949,74.7,0.778,-0.049,0.73
1614,6.502,10.488,0.935,75.0,0.783,-0.121,0.73
1615,4.345,8.912,0.864,65.78,0.724,0.062,0.838
1616,4.415,8.97,0.838,65.86,0.736,0.11,0.847
1617,4.431,9.021,0.816,65.94,0.834,0.163,0.861
1618,4.212,9.049,0.83,66.02,0.799,0.306,0.69
1619,3.977,9.119,0.814,66.1,0.738,0.259,0.769
1620,4.181,9.193,0.842,66.2,0.823,0.145,0.76
1621,4.225,9.279,0.824,66.3,0.8,0.161,0.823
1622,4.365,9.305,0.809,66.4,0.834,0.268,0.842
1623,4.268,9.344,0.805,66.5,0.868,0.299,0.791
1624,4.612,9.383,0.863,66.6,0.902,0.319,0.859
1625,4.331,9.44,0.823,67.0,0.827,0.094,0.844
1626,4.435,9.462,0.833,67.2,0.859,0.106,0.856
1627,4.213,9.479,0.815,67.4,0.824,0.051,0.863
1628,4.455,8.106,0.911,53.7,0.71,0.077,0.701
1629,4.435,8.076,0.855,54.0,0.648,-0.04,0.737
1630,4.314,8.204,0.818,54.28,0.583,-0.024,0.663
1631,4.55,8.296,0.813,54.56,0.412,-0.056,0.734
1632,4.139,8.317,0.811,55.12,0.39,-0.063,0.794
1633,6.269,9.797,0.797,62.24,0.885,-0.077,0.751
1634,4.867,8.94,0.837,40.808,0.607,-0.067,0.917
1635,4.212,9.06,0.779,50.353,0.71,-0.178,0.692
1636,4.396,9.07,0.759,51.27,0.597,-0.191,0.724
1638,7.241,10.806,0.917,71.48,0.91,0.146,0.289
1639,7.516,10.793,0.923,71.62,0.912,0.125,0.314
1640,7.266,10.74,0.903,71.76,0.864,0.221,0.292
1641,7.496,10.79,0.97,71.9,0.905,0.141,0.253
1642,7.382,10.814,0.921,71.98,0.941,0.161,0.269
1643,7.56,10.8,0.929,72.06,0.944,0.132,0.254
1644,7.434,10.804,0.916,72.14,0.936,0.159,0.324
1645,7.239,10.82,0.933,72.22,0.945,0.202,0.25
1646,7.289,10.853,0.929,72.3,0.935,0.211,0.232
1647,7.369,10.861,0.912,72.4,0.918,0.146,0.246
1648,7.287,10.873,0.914,72.5,0.935,0.17,0.239
1649,7.375,10.881,0.931,72.6,0.942,0.077,0.263
1650,7.398,10.882,0.934,72.7,0.942,0.091,0.25
1651,7.314,10.838,0.936,72.8,0.951,0.091,0.203
1652,7.473,11.05,0.951,71.54,0.919,0.29,0.408
1653,7.525,11.055,0.938,72.26,0.891,0.125,0.342
1654,7.776,11.079,0.947,72.78,0.945,0.139,0.323
1655,7.493,11.098,0.959,73.06,0.949,0.06,0.283
1656,7.572,11.1,0.938,73.2,0.928,0.109,0.21
1657,7.459,11.106,0.928,73.5,0.934,0.088,0.302
1658,7.474,11.115,0.95,73.8,0.925,0.18,0.316
1659,7.509,11.134,0.93,74.1,0.926,0.101,0.301
1660,7.694,11.136,0.949,74.4,0.913,0.036,0.294
1661,7.508,11.081,0.946,74.7,0.917,-0.064,0.28
1662,5.323,8.652,0.712,63.9,0.661,0.122,0.68
1663,4.979,8.654,0.842,64.0,0.748,0.082,0.688
1664,4.465,8.729,0.934,64.1,0.647,0.008,0.743
1665,4.038,8.727,0.576,62.32,0.53,0.131,0.741
1666,3.164,8.563,0.588,60.54,0.467,0.316,0.673
1667,2.688,8.396,0.585,58.76,0.455,0.225,0.663
1668,3.462,8.442,0.464,55.2,0.448,0.045,0.685
1669,6.189,10.613,0.882,68.68,0.63,-0.03,0.846
1670,5.548,10.606,0.83,69.14,0.642,-0.017,0.785
1671,6.229,10.691,0.831,69.6,0.677,0.005,0.821
1682,4.613,7.554,0.724,60.64,0.702,-0.088,0.768
1683,4.432,7.609,0.727,61.08,0.818,0.0,0.659
1684,5.064,7.665,0.701,61.52,0.816,0.018,0.723
1685,4.575,7.682,0.676,61.96,0.744,0.001,0.792
1686,4.381,7.723,0.759,62.4,0.784,0.062,0.679
1687,4.263,7.772,0.751,62.56,0.776,-0.119,0.672
1688,4.497,7.821,0.729,62.72,0.749,-0.073,0.717
1689,4.967,7.87,0.701,62.88,0.693,0.063,0.764
1690,4.896,7.911,0.81,63.04,0.853,0.002,0.698
1691,5.124,7.945,0.844,63.2,0.847,0.022,0.742
1692,5.104,7.987,0.857,63.5,0.703,0.01,0.632
1693,5.829,8.036,0.663,63.8,0.832,0.124,0.718
1697,3.922,7.485,0.783,48.7,0.787,-0.027,0.649
1698,4.318,7.522,0.708,49.6,0.716,-0.013,0.707
1699,4.385,7.549,0.774,50.5,0.562,0.256,0.93
1700,3.408,7.572,0.837,51.4,0.607,0.308,0.903
1701,3.229,7.604,0.813,52.3,0.597,0.139,0.866
1702,4.074,7.649,0.883,53.04,0.736,-0.046,0.816
1703,4.007,7.663,0.832,53.78,0.577,0.213,0.887
1704,3.852,7.699,0.803,54.52,0.654,0.054,0.859
1705,3.483,7.734,0.789,55.26,0.654,0.11,0.878
1706,3.661,7.764,0.79,56.0,0.759,0.149,0.906
1707,2.903,7.8,0.638,56.5,0.775,0.179,0.739
1708,3.347,7.836,0.705,57.0,0.8,0.116,0.654
1709,3.445,7.859,0.675,57.5,0.807,0.153,0.612
1710,3.64,7.886,0.687,58.0,0.85,0.1,0.589
1711,3.786,7.881,0.74,58.5,0.83,0.295,0.521
1712,5.885,9.461,0.894,64.14,0.863,0.331,0.935
1713,5.784,9.508,0.889,64.48,0.87,0.391,0.898
1714,5.636,9.52,0.832,64.82,0.868,0.425,0.933
1715,5.476,9.508,0.893,65.16,0.868,0.525,0.904
1716,6.217,9.576,0.898,65.5,0.86,0.536,0.917
1717,6.664,9.579,0.884,65.72,0.927,0.4,0.923
1718,6.3,9.645,0.906,65.94,0.847,0.38,0.909
1719,6.231,9.667,0.926,66.16,0.781,0.456,0.925
1720,6.985,9.672,0.933,66.38,0.9,0.553,0.92
1721,6.202,9.699,0.866,66.6,0.885,0.316,0.914
1722,6.074,9.729,0.908,66.8,0.924,0.356,0.878
1723,5.939,9.765,0.877,67.0,0.923,0.212,0.884
1724,6.012,9.803,0.873,67.2,0.905,0.259,0.907
1725,6.022,9.824,0.903,67.4,0.898,0.309,0.877
1726,5.885,9.769,0.867,67.6,0.84,0.273,0.918
1727,3.202,7.078,0.435,49.26,0.628,-0.007,0.85
1728,2.808,7.052,0.291,50.18,0.287,-0.055,0.932
1729,2.936,7.146,0.303,51.58,0.584,-0.07,0.832
1730,2.839,7.247,0.444,53.02,0.663,-0.085,0.795
1731,3.768,7.277,0.479,53.5,0.772,-0.069,0.733
1732,3.879,7.306,0.509,53.9,0.73,-0.007,0.815
1733,4.361,7.324,0.508,54.3,0.717,-0.042,0.726
1734,4.023,7.348,0.596,54.7,0.612,-0.007,0.809
1735,4.179,7.375,0.539,55.1,0.617,0.065,0.737
1736,5.832,10.224,0.887,61.76,0.84,0.141,0.917
1737,6.696,10.295,0.858,62.08,0.838,0.087,0.959
1738,6.519,10.263,0.863,62.54,0.775,0.078,0.9
1739,6.168,10.285,0.883,62.82,0.847,0.128,0.948
1740,6.192,10.183,0.916,63.5,0.859,0.015,0.911
1742,5.131,9.222,0.863,65.1,0.624,-0.135,0.732
1743,4.876,9.192,0.715,65.28,0.603,-0.199,0.913
1744,4.464,9.222,0.614,65.46,0.568,-0.176,0.899
1745,5.246,9.24,0.648,65.64,0.536,-0.207,0.886
1746,4.764,9.26,0.68,65.82,0.589,-0.232,0.783
1747,5.132,9.261,0.609,66.0,0.711,-0.226,0.815
1748,4.521,9.262,0.702,66.3,0.614,-0.165,0.811
1749,4.124,9.269,0.717,66.6,0.478,-0.219,0.869
1750,4.741,9.284,0.733,66.9,0.65,-0.191,0.84
1751,4.315,9.283,0.61,67.2,0.659,-0.209,0.889
1752,4.731,9.231,0.719,67.5,0.668,-0.202,0.877
1754,5.623,9.903,0.792,63.32,0.459,-0.178,0.8
1755,5.118,9.899,0.645,63.68,0.415,-0.189,0.785
1756,5.213,9.838,0.755,64.04,0.456,-0.227,0.853
1757,5.49,9.906,0.795,64.4,0.515,-0.187,0.811
1758,5.272,9.996,0.692,64.64,0.446,-0.242,0.649
1759,5.309,10.026,0.739,64.88,0.471,-0.216,0.702
1760,4.888,10.091,0.795,65.12,0.541,-0.229,0.698
1761,5.58,10.124,0.863,65.36,0.649,-0.024,0.764
1762,5.514,10.166,0.851,65.6,0.653,-0.016,0.806
1763,5.326,10.181,0.88,66.0,0.644,-0.065,0.764
1764,5.607,10.238,0.876,66.4,0.644,-0.237,0.671
1765,5.186,10.251,0.847,66.8,0.529,-0.176,0.805
1766,4.872,10.246,0.792,67.2,0.631,-0.136,0.76
1767,4.862,10.219,0.857,67.6,0.51,-0.111,0.774
1778,3.734,7.37,0.76,46.48,0.747,-0.041,0.807
1779,4.456,7.419,0.845,47.46,0.708,-0.001,0.881
1780,4.569,7.471,0.813,48.44,0.578,-0.055,0.848
1781,4.612,7.505,0.852,49.42,0.76,-0.037,0.84
1782,4.193,7.528,0.83,50.4,0.801,-0.015,0.855
1783,4.826,7.586,0.882,51.22,0.733,0.032,0.83
1784,4.309,7.592,0.885,52.04,0.649,0.081,0.838
1785,3.71,7.595,0.878,52.86,0.763,0.053,0.82
1786,3.77,7.611,0.821,53.68,0.834,0.009,0.898
1787,4.238,7.627,0.747,54.5,0.758,0.135,0.873
1788,4.233,7.637,0.754,54.9,0.739,0.132,0.811
1789,4.001,7.638,0.74,55.3,0.772,0.06,0.816
1790,4.322,7.66,0.74,55.7,0.729,0.079,0.856
1791,4.948,7.688,0.805,56.1,0.704,0.139,0.826
1792,4.641,7.684,0.8,56.5,0.687,0.147,0.878
1793,4.804,9.38,0.852,60.12,0.624,-0.257,0.929
1794,5.252,9.459,0.82,60.64,0.494,-0.241,0.968
1795,5.172,9.488,0.86,61.16,0.487,-0.265,0.929
1796,5.166,9.332,0.845,61.68,0.46,-0.241,0.962
1797,5.058,9.374,0.884,62.2,0.484,-0.189,0.954
1798,5.083,9.431,0.859,62.5,0.579,-0.228,0.933
1799,5.03,9.436,0.898,62.8,0.564,-0.223,0.896
1800,4.711,9.438,0.897,63.1,0.569,-0.216,0.937
1801,4.297,9.426,0.877,63.4,0.533,0.084,0.927
1802,3.965,9.327,0.909,63.7,0.431,-0.033,0.952
1803,4.029,9.353,0.885,64.0,0.503,0.011,0.891
1804,4.311,9.382,0.858,64.3,0.599,-0.002,0.937
1805,4.662,9.42,0.901,64.6,0.663,-0.074,0.943
1806,4.702,9.458,0.883,64.9,0.715,-0.081,0.885
1807,5.27,9.428,0.885,65.2,0.784,0.126,0.946
1808,6.734,11.367,0.903,65.92,0.898,-0.033,0.203
1809,6.866,10.975,0.885,66.28,0.849,0.019,0.339
1810,7.097,10.914,0.912,66.4,0.878,0.057,0.355
1822,6.802,10.699,0.97,70.46,0.838,0.336,0.498
1823,6.986,10.689,0.954,70.74,0.759,0.331,0.548
1824,6.907,10.638,0.964,71.02,0.816,0.341,0.559
1825,7.029,10.649,0.955,71.3,0.841,0.403,0.587
1826,6.869,10.657,0.949,71.38,0.9,0.336,0.438
1827,6.881,10.664,0.935,71.46,0.889,0.371,0.425
1828,6.918,10.679,0.937,71.54,0.905,0.346,0.568
1829,6.758,10.697,0.91,71.62,0.857,0.355,0.484
1830,6.515,10.712,0.936,71.7,0.833,0.3,0.456
1831,6.824,10.724,0.954,71.9,0.821,0.25,0.458
1832,7.103,10.736,0.937,72.1,0.813,0.291,0.419
1833,7.233,10.743,0.928,72.3,0.838,0.226,0.404
1834,7.157,10.751,0.943,72.5,0.854,0.271,0.485
1835,6.798,10.626,0.929,72.7,0.885,0.203,0.49
1838,7.28,10.922,0.953,68.38,0.878,0.255,0.668
1839,7.158,10.888,0.912,68.54,0.831,0.201,0.665
1840,7.164,10.905,0.926,68.7,0.828,0.244,0.69
1841,7.115,10.913,0.922,68.68,0.863,0.161,0.697
1842,7.026,10.928,0.903,68.66,0.823,0.215,0.71
1843,7.249,10.939,0.925,68.64,0.792,0.274,0.747
1844,7.151,10.956,0.902,68.62,0.866,0.221,0.702
1845,6.864,10.977,0.904,68.6,0.849,0.219,0.698
1846,6.804,10.986,0.897,68.5,0.758,0.144,0.739
1847,6.992,11.001,0.921,68.4,0.868,0.197,0.681
1848,6.883,11.025,0.904,68.3,0.825,0.116,0.71
1849,6.944,11.043,0.917,68.2,0.836,0.144,0.707
1850,7.028,11.001,0.937,68.1,0.85,0.034,0.678
1851,5.786,9.543,0.912,67.44,0.807,-0.113,0.477
1852,5.694,9.604,0.875,67.58,0.786,-0.165,0.614
1853,5.664,9.671,0.879,67.72,0.808,-0.143,0.597
1854,6.296,9.71,0.924,67.86,0.825,-0.118,0.544
1855,6.062,9.782,0.893,68.0,0.832,-0.158,0.471
1856,6.554,9.83,0.891,68.14,0.851,-0.08,0.556
1857,6.45,9.861,0.865,68.28,0.871,0.067,0.615
1858,6.444,9.904,0.917,68.42,0.888,-0.043,0.586
1859,6.561,9.932,0.902,68.56,0.904,-0.073,0.533
1860,6.628,9.932,0.891,68.7,0.917,-0.032,0.673
1861,6.171,9.946,0.9,68.8,0.886,-0.072,0.676
1862,6.336,9.968,0.914,68.9,0.898,-0.091,0.627
1863,6.372,9.98,0.917,69.0,0.876,-0.097,0.683
1864,6.6,9.979,0.933,69.1,0.903,-0.095,0.599
1865,6.31,9.937,0.921,69.2,0.908,-0.084,0.491
1866,5.232,8.193,0.903,61.44,0.784,-0.115,0.609
1870,5.739,8.493,0.924,63.4,0.934,0.042,0.522
1871,6.019,8.55,0.933,63.6,0.914,-0.037,0.463
1872,5.94,8.607,0.963,63.8,0.95,-0.034,0.434
1873,6.049,8.659,0.952,64.0,0.954,0.061,0.536
1874,5.972,8.714,0.968,64.2,0.98,0.375,0.471
1876,6.421,8.782,0.942,64.8,0.985,0.123,0.465
1877,6.205,8.818,0.921,65.1,0.97,0.318,0.52
1878,6.154,8.853,0.915,65.4,0.97,0.304,0.511
1880,6.525,9.46,0.946,65.46,0.798,-0.031,0.646
1881,6.258,9.701,0.922,65.58,0.678,-0.225,0.776
1882,7.189,9.542,0.945,65.64,0.677,-0.116,0.828
1883,7.478,9.717,0.932,65.7,0.768,-0.155,0.754
1884,6.58,9.822,0.931,65.74,0.766,-0.226,0.772
1885,7.067,9.826,0.932,65.78,0.804,-0.193,0.743
1886,6.553,9.739,0.896,65.82,0.642,-0.22,0.837
1887,6.136,9.557,0.904,65.86,0.57,-0.199,0.827
1888,5.569,9.001,0.911,65.9,0.512,-0.117,0.813
1889,4.041,9.01,0.902,66.1,0.458,-0.155,0.89
1890,5.071,9.073,0.896,66.3,0.636,-0.169,0.844
1895,5.422,8.394,0.856,66.02,0.918,0.089,0.754
1896,5.48,8.44,0.805,66.18,0.889,0.201,0.789
1897,5.304,8.483,0.815,66.34,0.834,-0.062,0.838
1898,5.296,8.535,0.787,66.5,0.831,-0.006,0.743
1899,5.767,8.585,0.898,66.66,0.818,0.105,0.742
1900,5.535,8.626,0.775,66.82,0.856,-0.11,0.815
1901,5.023,8.668,0.759,66.98,0.92,-0.027,0.771
1904,5.062,8.82,0.876,67.5,0.894,-0.09,0.799
1906,5.296,8.934,0.832,67.9,0.909,-0.041,0.808
1907,5.467,8.992,0.848,68.1,0.952,-0.126,0.788
1909,4.809,8.278,0.756,54.0,0.644,-0.052,0.832
1910,4.35,8.453,0.727,54.3,0.659,-0.104,0.853
1911,3.746,8.336,0.663,54.3,0.638,-0.173,0.754
1912,4.061,8.236,0.682,54.3,0.706,-0.171,0.793
1913,4.218,8.242,0.694,54.3,0.543,-0.179,0.885
1914,3.968,8.117,0.638,54.3,0.664,-0.157,0.885
1915,2.983,7.858,0.669,54.3,0.61,-0.139,0.829
1920,4.824,7.817,0.798,44.26,0.721,-0.006,0.785
1921,3.998,7.871,0.688,45.72,0.682,-0.067,0.948
1922,4.73,7.918,0.624,47.18,0.717,0.056,0.89
1923,5.26,7.978,0.782,48.64,0.696,-0.096,0.917
1924,4.999,8.071,0.864,50.84,0.663,0.003,0.882
1925,5.013,8.114,0.78,51.58,0.788,0.008,0.806
1926,5.244,8.131,0.761,52.32,0.77,-0.104,0.732
1927,4.346,8.146,0.706,53.06,0.812,-0.011,0.809
1928,4.843,8.144,0.691,53.8,0.759,-0.039,0.871
1929,4.348,8.151,0.767,54.3,0.812,0.122,0.771
1930,3.933,8.156,0.744,54.8,0.823,0.14,0.74
1931,4.041,8.167,0.718,55.3,0.791,0.048,0.811
1932,3.307,8.155,0.638,55.8,0.811,0.077,0.832
1933,4.838,8.117,0.767,56.3,0.75,0.056,0.81
1934,3.826,7.711,0.822,41.58,0.431,-0.076,0.905
1935,3.28,7.666,0.828,42.86,0.456,-0.082,0.946
1936,3.174,7.461,0.843,44.14,0.344,-0.09,0.964
1937,4.056,7.563,0.806,45.42,0.411,-0.078,0.931
1938,4.682,7.729,0.857,46.7,0.665,-0.093,0.828
1939,4.846,7.846,0.865,48.12,0.633,-0.088,0.83
1940,4.955,7.983,0.896,49.54,0.47,-0.103,0.859
1941,4.69,7.985,0.799,50.96,0.576,-0.104,0.831
1942,4.184,7.991,0.766,52.38,0.642,-0.074,0.82
1943,3.703,7.992,0.736,53.8,0.667,-0.123,0.81
1944,3.735,7.984,0.768,54.4,0.733,-0.095,0.724
1945,3.638,8.016,0.754,55.0,0.753,-0.098,0.751
1946,3.616,8.049,0.775,55.6,0.763,-0.068,0.844
1947,2.694,7.95,0.759,56.2,0.632,-0.064,0.831
1948,3.16,7.829,0.717,56.8,0.643,-0.009,0.789
